kode_wilayah,nama_wilayah,provinsi,kepadatan_penduduk,rasio_ketergantungan,persentase_lansia,persentase_balita,persentase_disabilitas,persentase_buta_huruf,indeks_pendidikan,persentase_kemiskinan,persentase_pengangguran,indeks_ekonomi,indeks_kesehatan,akses_listrik,akses_air_bersih,akses_sanitasi,sovi_score,vulnerability_level,region
0001,Kabupaten/Kota 1,Provinsi A,332,37.6,9.26,6.81,2.89,6.14,79.56,8.51,10.25,80.57,72.85,96.9,78.35,99.08,29.34,Rendah,Jawa
0002,Kabupaten/Kota 2,Provinsi B,431,36.18,10.16,10.49,3.9,7.53,85.93,14.77,4.5,90,60.42,86.89,92.07,63.5,29.01,Rendah,Kalimantan
0003,Kabupaten/Kota 3,Provinsi C,968,43.42,4.41,7.41,3.33,3.14,64.77,10.72,10.35,53.72,81.15,100,76.12,75.51,34.32,Sedang,Sulawesi
0004,Kabupaten/Kota 4,Provinsi D,521,48.72,8.9,10.94,3.35,5.53,88.38,14.190000000000001,3.34,77.5,65.44,99.21,75.22,92.43,27.02,Rendah,Jawa
0005,Kabupaten/Kota 5,Provinsi E,539,32.52,5.14,6.85,4.67,3.26,57.93,13.39,5.82,86.04,81.82,100,63.15,54.89,30.05,Rendah,Sumatera
0006,Kabupaten/Kota 6,Provinsi F,1015,42.79,6.63,8.53,1.52,7.73,87.46,3.9800000000000004,9.8,63.29,50.45,90.14,87.58,100,35.79,Sedang,Jawa
0007,Kabupaten/Kota 7,Provinsi G,638,56.61,10.81,3.13,5.17,3.09,44.32,25.78,5.23,70,68.05,82.86,93.26,60.6,42.76,Sedang,Maluku
0008,Kabupaten/Kota 8,Provinsi H,120,43.7,4.59,6.72,3.52,10.2,72.69,17.74,4.88,54.99,74.15,92.47,93.58,84.84,37.64,Sedang,Sumatera
0009,Kabupaten/Kota 9,Provinsi I,294,36.62,8.8,6.95,3.27,7.37,67.43,6.550000000000001,7.81,72.18,64.09,100,100,83.19,29.18,Rendah,Jawa
0010,Kabupaten/Kota 10,Provinsi J,366,41.69,9.28,5.1,2.16,4.96,68.6,1,8.14,64.42,64.26,100,49.52,69.3,37.19,Sedang,Nusa Tenggara
0011,Kabupaten/Kota 11,Provinsi K,867,58.38,8.16,4.41,2.75,8.62,67.24,21.82,11.74,81.12,62.35,99.48,85.5,83.89,39.94,Sedang,Kalimantan
0012,Kabupaten/Kota 12,Provinsi L,608,51.6,13.47,9.37,3.56,4.75,90.55,2.5,7.07,90,71.24,95.94,64.99,76.54,23.07,Rendah,Jawa
0013,Kabupaten/Kota 13,Provinsi M,620,59.84,4.93,9.29,0.5,6.69,69.18,9.91,1.2,72.25,85.15,100,94.13,96.09,21.9,Rendah,Kalimantan
0014,Kabupaten/Kota 14,Provinsi N,533,46.67,9.82,3.75,2.1,6.58,52.31,31.71,5.38,54.290000000000006,57.71,85,86.2,55.79,52.49,Sedang,Maluku
0015,Kabupaten/Kota 15,Provinsi O,333,49.92,7.73,8.06,3.88,6.27,87.22,1,5.48,44.4,68.81,83.43,68.97,100,36.69,Sedang,Sumatera
0016,Kabupaten/Kota 16,Provinsi P,1036,38.3,7.22,4.22,2.56,3.21,95,1,4.27,82.12,64.21,100,79.34,75.45,17.54,Rendah,Jawa
0017,Kabupaten/Kota 17,Provinsi Q,649,52.26,9.39,4.37,1.8,1.25,85.93,7.5,9.29,30,86.96,100,100,66.65,24.79,Rendah,Kalimantan
0018,Kabupaten/Kota 18,Provinsi R,50,38.92,4.94,8.31,2.05,0,60.09,4.12,18.01,61.13,93.13,93.5,76.88,60.87,32.6,Rendah,Sumatera
0019,Kabupaten/Kota 19,Provinsi S,710,27.95,4.06,5.28,3.35,3.63,87.77,18.62,11.18,86.92,76.01,100,59.13,99.44,30.69,Rendah,Nusa Tenggara
0020,Kabupaten/Kota 20,Provinsi T,358,46.54,6.52,9.48,0.55,7.05,62.71,19.59,7.38,62.03,70.8,100,100,52.31,35.11,Sedang,Nusa Tenggara
0021,Kabupaten/Kota 21,Provinsi U,180,68.35,13.26,7.1,4.31,4.28,74.28,15.01,10.01,64.14,86.39,90.89,100,82.48,28.98,Rendah,Sumatera
0022,Kabupaten/Kota 22,Provinsi V,435,54.61,8.17,8.34,0.5,1.39,92.34,4.359999999999999,13.77,80.59,64.46,100,75.89,69.27,24.58,Rendah,Jawa
0023,Kabupaten/Kota 23,Provinsi W,192,58.98,8.99,5.69,2.24,11.47,82.86,4.460000000000001,6.76,78.14,69.32,100,100,66.17,25.2,Rendah,Jawa
0024,Kabupaten/Kota 24,Provinsi X,281,49.31,7.43,4.12,1.82,7.11,73.5,8.59,10.66,66.5,82.6,93.6,82.51,77.11,32.67,Rendah,Sumatera
0025,Kabupaten/Kota 25,Provinsi Y,312,37.7,9.41,9.29,1.13,10.84,86.25,3.8499999999999996,10.25,57.33,71.27,73.9,65.89,81.06,44.94,Sedang,Jawa
0026,Kabupaten/Kota 26,Provinsi Z,50,42.57,5.14,7.6,1.38,8.64,89.28,9.9,7.51,72.78999999999999,64.3,96.55,80.41,73.36,31.29,Rendah,Jawa
0027,Kabupaten/Kota 27,Provinsi NA,751,41.72,11.47,6.4,3.38,3.17,89.11,12.46,8.23,74.88,72.22,100,88.82,66.54,23.15,Rendah,Jawa
0028,Kabupaten/Kota 28,Provinsi NA,546,39.38,9.75,7.17,2.82,3.76,57.74,9.26,10.61,73.55,64.63,100,93.44,93.12,32.06,Rendah,Sulawesi
0029,Kabupaten/Kota 29,Provinsi NA,159,53.45,5.58,10.31,2.55,0.68,73.24,13.91,7.9,68.11,92.44,97.82,90.78,91.9,22.14,Rendah,Sumatera
0030,Kabupaten/Kota 30,Provinsi NA,876,30.63,8.16,5.25,0.5,7.22,62.870000000000005,11,6.64,33.62,65.4,81.81,100,100,44.44,Sedang,Papua
0031,Kabupaten/Kota 31,Provinsi NA,628,55.4,10.15,5.13,1.01,9.87,80.91,12.46,5.62,77.74,81.29,100,88.46,62.2,26.35,Rendah,Sumatera
0032,Kabupaten/Kota 32,Provinsi NA,411,55.37,9.67,5.45,2.8,2.24,71.83,6.73,9.16,83.4,70.01,94.58,92.75,61.85,24.37,Rendah,Sumatera
0033,Kabupaten/Kota 33,Provinsi NA,769,30.62,12.45,3.04,1.68,1.39,52.97,28.59,7.78,30,85.96,71.55,100,65.33,48.36,Sedang,Papua
0034,Kabupaten/Kota 34,Provinsi NA,763,52.67,6.16,9.05,1.8,7.65,61.32,19.11,6.51,67.76,81.17,90.97,82.51,59.35,38.14,Sedang,Sumatera
0035,Kabupaten/Kota 35,Provinsi A,746,74.16,11.35,7.48,4.57,0.45,67.71,1,8.71,53.76,62.21,93.53,73.13,100,33.83,Sedang,Kalimantan
0036,Kabupaten/Kota 36,Provinsi B,707,38.31,11.11,7.52,3.26,10.76,73.78,17.53,4.91,55.88,73.38,90.4,80.77,34.83,41.09,Sedang,Sulawesi
0037,Kabupaten/Kota 37,Provinsi C,666,55.14,7.51,6.89,1.43,6.72,68.65,8.61,4.79,71.3,68.25,80.08,65,54.59,40.06,Sedang,Nusa Tenggara
0038,Kabupaten/Kota 38,Provinsi D,481,35.61,5.07,5.72,2.3,0,80.95,11.02,13.49,77.63,76.03,99.76,85.75,66.33,24.32,Rendah,Kalimantan
0039,Kabupaten/Kota 39,Provinsi E,408,58.33,4.73,4.94,2.57,6.06,88.68,12.39,4.47,85.7,69.44,100,92.56,75.69,20.93,Rendah,Jawa
0040,Kabupaten/Kota 40,Provinsi F,386,48,9.37,9.13,1.98,5.32,58.91,16.14,9.26,56.98,75.64,89.11,69.29,77.34,44.18,Sedang,Sulawesi
0041,Kabupaten/Kota 41,Provinsi G,292,64.82,7.79,3.43,1.55,0,78.17,7.09,4.13,81.95,68.6,98.49,71.96,98.27,21.94,Rendah,Kalimantan
0042,Kabupaten/Kota 42,Provinsi H,438,27.49,13.34,8.1,2.92,4.87,80.42,13.92,7.08,80.48,81.47,92.47,68.37,100,29.71,Rendah,Kalimantan
0043,Kabupaten/Kota 43,Provinsi I,120,44.38,9.61,5.02,4.11,3.24,82.39,4.199999999999999,9.56,65.16,73.76,97.64,84.39,61.25,25.84,Rendah,Jawa
0044,Kabupaten/Kota 44,Provinsi J,1151,38.68,6.88,7.71,3.34,2.34,84.74,14.510000000000002,3.96,84.7,54.21,100,100,84.05,21.37,Rendah,Jawa
0045,Kabupaten/Kota 45,Provinsi K,862,42.63,4.92,5.15,2.7,5.72,70.68,2.57,10.38,47.61,69.75,98.34,75.51,49.62,36.62,Sedang,Sulawesi
0046,Kabupaten/Kota 46,Provinsi L,163,37.45,6.25,5.69,3.58,7.55,72.07,16.92,8.88,87,65.96,90.33,75.57,96.05,37.33,Sedang,Sumatera
0047,Kabupaten/Kota 47,Provinsi M,379,34.99,9.03,11.42,4.19,10.18,49.93000000000001,30.35,6.73,49.05,83.4,74.14,84.62,64.26,55.27,Sedang,Papua
0048,Kabupaten/Kota 48,Provinsi N,360,51.94,6.65,8.67,2.79,0,79.25,1,8.98,81.01,56.18,99.35,70.37,88.01,25.45,Rendah,Kalimantan
0049,Kabupaten/Kota 49,Provinsi O,734,31.95,9.54,3,3.68,7.23,72.75,10.89,8.3,85.82,45.46,92.01,100,62.09,33.63,Sedang,Jawa
0050,Kabupaten/Kota 50,Provinsi P,475,62.81,7,7.32,1.28,2.14,69.1,9.82,4.64,63.38,75.61,89.37,80.47,80.3,30.41,Rendah,Kalimantan
0051,Kabupaten/Kota 51,Provinsi Q,576,30.77,7.68,5.87,2.63,8.47,65.86,12.66,2.41,76.26,81.3,100,100,79.87,24.67,Rendah,Sumatera
0052,Kabupaten/Kota 52,Provinsi R,491,46.21,5.81,4.16,2.37,6.04,66.29,10.38,8.42,48.45,75.43,96.28,94.59,60.69,34.78,Sedang,Sulawesi
0053,Kabupaten/Kota 53,Provinsi S,487,51.4,13.72,7.52,3.29,9.33,71.31,16.15,3.98,43.51,86.23,91.45,96.92,86.83,35.38,Sedang,Sumatera
0054,Kabupaten/Kota 54,Provinsi T,911,52.04,9,7.32,3.54,0.55,70.15,17.57,7.86,55.53,80.82,85.58,62.81,100,38.97,Sedang,Sulawesi
0055,Kabupaten/Kota 55,Provinsi U,432,41.38,8.69,6.18,2.81,6.48,68,15.56,1.41,68.95,58.84,100,59.79,80.37,38.02,Sedang,Kalimantan
0056,Kabupaten/Kota 56,Provinsi V,955,45.95,2.92,11.93,1.85,5.89,72.47,11.36,4.28,58.79,81.17,90.57,85.88,72.51,31.26,Rendah,Kalimantan
0057,Kabupaten/Kota 57,Provinsi W,50,56.54,9.98,3,1.61,8.14,44.15,19.46,9.09,38.02,62.93,80.78,79.63,70.73,58.25,Sedang,Maluku
0058,Kabupaten/Kota 58,Provinsi X,675,27.52,4.93,9.1,3.42,4.31,76.11,11.16,12.18,78.81,83.26,100,79.91,73.51,27.47,Rendah,Kalimantan
0059,Kabupaten/Kota 59,Provinsi Y,537,35.62,5.33,6.28,5.04,8.43,91.32,5.640000000000001,8.68,72.47,81.91,98.24,83.47,83.04,24.69,Rendah,Jawa
0060,Kabupaten/Kota 60,Provinsi Z,565,48.84,10.76,8.64,1.82,3.67,62.17,13.23,4.02,79.62,69.4,100,100,64.31,24.76,Rendah,Sumatera
0061,Kabupaten/Kota 61,Provinsi NA,614,39.66,6.64,5.87,2.42,3.71,60.87,7.05,6.34,53.41,82.82,85.83,78.07,100,35.62,Sedang,Nusa Tenggara
0062,Kabupaten/Kota 62,Provinsi NA,349,61.44,2.75,5.52,3.5,5.08,80,25.509999999999998,12.37,41.15,66.79,65.9,75.74,90.84,55.72,Sedang,Papua
0063,Kabupaten/Kota 63,Provinsi NA,400,53.08,13.31,3,2.17,1.79,87.4,1.0099999999999998,10.07,67.61,82.13,100,100,96.62,16.24,Rendah,Jawa
0064,Kabupaten/Kota 64,Provinsi NA,194,45.87,2,6.48,3.18,3.63,85.53,1,11.15,73.61,42.32,100,88.35,100,29.05,Rendah,Jawa
0065,Kabupaten/Kota 65,Provinsi NA,178,26.91,9.72,13.2,2.93,8.33,73.01,13.55,11.99,47.57,57.38,90.79,88.64,60.39,45.68,Sedang,Sulawesi
0066,Kabupaten/Kota 66,Provinsi NA,591,45.31,11.05,9.47,1.84,9.96,89.93,9.49,9.51,86.7,71.77,97.96,65.57,63.14,31.33,Rendah,Jawa
0067,Kabupaten/Kota 67,Provinsi NA,634,41.2,6.11,11.19,4.25,8.34,75.37,18.15,12.44,82.73,63.87,100,96.24,85.91,33.85,Sedang,Nusa Tenggara
0068,Kabupaten/Kota 68,Provinsi NA,516,43.77,9.33,9.29,4.27,3.73,69.54,16.36,4.11,69.25,40,91.36,100,71.36,35.88,Sedang,Nusa Tenggara
0069,Kabupaten/Kota 69,Provinsi A,777,30.82,9.32,9.86,4.54,5.96,55.68000000000001,23.32,9.2,70,59.98,71.04,95.71,89.2,49.03,Sedang,Papua
0070,Kabupaten/Kota 70,Provinsi B,1115,50.98,11.12,9.26,4.9,5.3,71.56,16.15,6.64,40.4,89.37,88.39,67.76,78.74,40.59,Sedang,Sulawesi
0071,Kabupaten/Kota 71,Provinsi C,353,32.53,9.45,8.19,2.24,1.22,56.8,16.12,8.81,33.73,55.49,78.62,100,92.71,47.32,Sedang,Papua
0072,Kabupaten/Kota 72,Provinsi D,50,42.29,7.27,5.54,2.3,5.77,67.48,5.16,13.3,72.87,72,82.61,80.53,51.07,38.2,Sedang,Sulawesi
0073,Kabupaten/Kota 73,Provinsi E,802,49.58,10.75,5.67,3.39,2.53,70.74,14.71,10.02,54.5,64.07,85,100,92.65,37.17,Sedang,Maluku
0074,Kabupaten/Kota 74,Provinsi F,287,35.6,10.4,3,3.95,1.82,75.94,12.27,5.48,69.9,70.22,99.59,91.97,46.78,24.28,Rendah,Sumatera
0075,Kabupaten/Kota 75,Provinsi G,294,52,5.19,6.99,2.49,7.18,77.27,10.97,6.6,90,67.87,100,91.24,79.67,24.94,Rendah,Jawa
0076,Kabupaten/Kota 76,Provinsi H,808,29.2,3.8,9.25,2.36,2.88,80.91,17.44,4.19,90,68.37,100,100,88.47,19.58,Rendah,Nusa Tenggara
0077,Kabupaten/Kota 77,Provinsi I,415,20,8.48,9.58,2.07,4.57,88.5,15.899999999999999,7.64,58.11,68.53,100,100,65.69,27.35,Rendah,Jawa
0078,Kabupaten/Kota 78,Provinsi J,134,50.58,7.18,7.24,5.22,2.08,73.62,13.98,6,58.74,43.88,100,91.91,100,34.16,Sedang,Sulawesi
0079,Kabupaten/Kota 79,Provinsi K,554,55.09,5.04,5.63,0.5,5.17,79.01,11.23,11.17,43.49,70.01,92.2,73.21,83.93,41.14,Sedang,Sumatera
0080,Kabupaten/Kota 80,Provinsi L,458,41.57,8.25,15,2.75,6.48,75.94,3.0299999999999994,6.03,64.53999999999999,71.54,100,98.52,51.02,24.36,Rendah,Jawa
0081,Kabupaten/Kota 81,Provinsi M,502,51.05,4.04,8.84,3.06,6.51,73.01,13.52,10.84,68.72,74.95,84.2,96.53,100,35.5,Sedang,Kalimantan
0082,Kabupaten/Kota 82,Provinsi N,616,31.13,8.48,10.55,1.41,1.77,75.01,6.609999999999999,10.88,85.27,86.41,100,77.3,85.59,21.67,Rendah,Jawa
0083,Kabupaten/Kota 83,Provinsi O,389,43.47,6.13,6.16,3.58,8.77,73.16,5.050000000000001,6.26,68.28999999999999,70.44,100,81.71,75.03,30.72,Rendah,Jawa
0084,Kabupaten/Kota 84,Provinsi P,693,21.7,10.87,6.91,0.5,9.48,56.69,17.94,13.71,49.519999999999996,73.25,85,80.87,93.05,52.4,Sedang,Maluku
0085,Kabupaten/Kota 85,Provinsi Q,434,59.17,15.27,8.12,4.43,6.12,76.68,5.96,8.11,54.08,52.87,97.33,60.34,57.5,41.43,Sedang,Sumatera
0086,Kabupaten/Kota 86,Provinsi R,600,67.32,5.25,11.19,0.5,5.47,75.87,1.0999999999999996,5.39,83.74,71.19,100,95.17,80.03,19.23,Rendah,Jawa
0087,Kabupaten/Kota 87,Provinsi S,829,57.89,11.17,6.22,0.5,5.23,73.25,20.81,8.3,66.7,51.33,86.37,62.67,85.1,47.72,Sedang,Sumatera
0088,Kabupaten/Kota 88,Provinsi T,631,44.67,10.48,9.13,1.85,5.77,66.7,8.5,4.04,75.74000000000001,93.98,87.73,90.18,27.42,24.83,Rendah,Jawa
0089,Kabupaten/Kota 89,Provinsi U,402,44.6,7.79,3,3.24,6.13,80.53,4.42,10.6,65.6,65.72,99.9,61.8,72.62,35.07,Sedang,Jawa
0090,Kabupaten/Kota 90,Provinsi V,845,26.81,6.64,5.73,2.02,5.41,95,1,4.42,73.02000000000001,74.23,100,99.35,67.57,14.88,Rendah,Jawa
0091,Kabupaten/Kota 91,Provinsi W,798,54.48,12.73,3.77,2.16,6.96,63.49,13.16,13.17,72.37,75.3,93.94,97.34,86.4,35.25,Sedang,Sulawesi
0092,Kabupaten/Kota 92,Provinsi X,665,42.47,2,9.78,3.5,3.99,48.07,19.02,1,37.59,54.31,73.58,100,100,48.98,Sedang,Papua
0093,Kabupaten/Kota 93,Provinsi Y,572,37.12,6.07,6.59,1.41,8.39,72.8,11.48,3.55,60.12,75.6,85.22,67.21,82.66,39.39,Sedang,Sumatera
0094,Kabupaten/Kota 94,Provinsi Z,312,28.06,3.69,6.02,2.87,4.89,80.35,10.76,6.65,48.95,57.13,100,99.32,65.56,31.62,Rendah,Sulawesi
0095,Kabupaten/Kota 95,Provinsi NA,908,41.4,12.19,10.42,3.75,0,87.36,16.66,5.2,58.49,75.5,100,81.77,78.62,24.81,Rendah,Nusa Tenggara
0096,Kabupaten/Kota 96,Provinsi NA,320,34.81,7.43,9.79,5.45,4.7,95,11.59,13.39,64.63,62.57,93.73,88.24,61.82,32.26,Rendah,Nusa Tenggara
0097,Kabupaten/Kota 97,Provinsi NA,1156,40.24,6.43,4.75,3.72,6.34,93.01,5.93,7.76,69.06,61.84,100,78.79,61.85,27.84,Rendah,Jawa
0098,Kabupaten/Kota 98,Provinsi NA,960,30.39,17.55,8.07,5.57,8.69,91.71,21.24,9.42,74.25999999999999,74.97,100,91.23,34.94,30.03,Rendah,Jawa
0099,Kabupaten/Kota 99,Provinsi NA,429,65.25,7.85,3.93,3.68,5.18,95,18.52,10.83,48.49,74.4,100,68.33,75.3,36.53,Sedang,Sumatera
0100,Kabupaten/Kota 100,Provinsi NA,192,44.81,6.67,5.81,3,0,71.99,12.78,8.61,76.24,67.01,89.63,71.47,90.58,32.55,Rendah,Sumatera
0101,Kabupaten/Kota 101,Provinsi NA,287,57.9,8.9,11.04,0.5,5.01,72.87,7.61,11.84,90,61.16,99.85,97.31,84.89,26.38,Rendah,Nusa Tenggara
0102,Kabupaten/Kota 102,Provinsi NA,577,20,3.29,10.63,1.16,1.4,87.53,14.07,9.76,73.62,72.33,100,41.71,61.13,33.63,Sedang,Jawa
0103,Kabupaten/Kota 103,Provinsi A,426,39.56,9.47,9.77,2.52,2.07,70.8,1.4000000000000004,10.79,87,69.41,100,80.91,71.57,23.65,Rendah,Jawa
0104,Kabupaten/Kota 104,Provinsi B,396,36.89,7.71,5.57,4.07,1.92,56.65,11.71,2.06,88.73,81.51,100,78.34,100,22.71,Rendah,Kalimantan
0105,Kabupaten/Kota 105,Provinsi C,215,30.32,9.41,3,2.52,2.6,93.07,17.12,3.49,59.23,62.41,93.93,96.2,93.31,26.5,Rendah,Kalimantan
0106,Kabupaten/Kota 106,Provinsi D,486,63.56,5.05,4.06,3.82,8.41,79.25,4.529999999999999,1,74.16,68.52,83.95,91.46,89.71,27.88,Rendah,Jawa
0107,Kabupaten/Kota 107,Provinsi E,265,28.02,4.93,9.38,1.4,2.51,70.42,9.8,6.99,74.71,95,92.31,64.69,74.22,27.43,Rendah,Sumatera
0108,Kabupaten/Kota 108,Provinsi F,50,48.82,5.92,6.27,2.59,3.68,65.07,14.64,13.73,50.71,54.59,100,100,79.05,39.86,Sedang,Nusa Tenggara
0109,Kabupaten/Kota 109,Provinsi G,386,55.16,5.7,3,3.33,5.55,86.44,7.84,4.09,77.4,73.81,85.01,100,59.94,22.99,Rendah,Jawa
0110,Kabupaten/Kota 110,Provinsi H,776,47.14,11.9,6.55,2.46,7.67,90.91,5.5,9.26,71.7,74.93,86.28,100,80.7,26.5,Rendah,Jawa
0111,Kabupaten/Kota 111,Provinsi I,327,34.5,12.74,10.53,3.17,3,82.71,5.74,9.76,65.47999999999999,64.61,100,70.41,87.28,30.44,Rendah,Jawa
0112,Kabupaten/Kota 112,Provinsi J,682,56.29,7.53,8.61,1.99,2.52,75.15,13.51,8.95,71.31,61.48,95.96,100,80.99,28.73,Rendah,Sulawesi
0113,Kabupaten/Kota 113,Provinsi K,50,47.05,6.92,4.95,3.56,3.44,94.51,9.8,6.86,77.92,52.51,100,100,83.86,21.86,Rendah,Jawa
0114,Kabupaten/Kota 114,Provinsi L,483,32.24,7.01,3.14,2.88,1.48,74.89,19.77,5.53,90,52.99,94.51,100,36.72,26.67,Rendah,Kalimantan
0115,Kabupaten/Kota 115,Provinsi M,656,28.34,8.21,4.93,2.93,7.76,69.39,9.48,5.45,30,66.83,99.06,66.85,85.16,44.07,Sedang,Sulawesi
0116,Kabupaten/Kota 116,Provinsi N,590,70.04,8.29,7.09,0.5,0,84.39,14.899999999999999,8.07,89.68,85.03,100,83.98,74.11,17.44,Rendah,Jawa
0117,Kabupaten/Kota 117,Provinsi O,532,36.86,8.87,9.22,1.99,3.42,51.58,13.21,13.2,32.68,70.64,85,87.82,57.29,49.2,Sedang,Papua
0118,Kabupaten/Kota 118,Provinsi P,308,22.73,5.76,3,0.77,0.68,86.02,3.130000000000001,4.83,75.71000000000001,88.55,100,64.47,74.57,17.53,Rendah,Jawa
0119,Kabupaten/Kota 119,Provinsi Q,245,51.4,5.46,9.56,0.59,0,66.02,3.88,7.51,48.67,62.77,84.33,81.98,83.42,36.15,Sedang,Sulawesi
0120,Kabupaten/Kota 120,Provinsi R,193,48.72,11.59,7.01,2.26,5.09,88.94,13.86,8.4,73.68,76.94,89.53,96.66,62.8,26.2,Rendah,Sumatera
0121,Kabupaten/Kota 121,Provinsi S,535,28.75,6.35,8.42,2.76,9.61,60.13,9.53,11.17,90,71.49,100,89.72,80.38,32.54,Rendah,Jawa
0122,Kabupaten/Kota 122,Provinsi T,216,21.68,8.91,3,3.43,9.9,79.01,3.8,7.07,72.34,74.35,77.66,88.62,58.78,34.15,Sedang,Nusa Tenggara
0123,Kabupaten/Kota 123,Provinsi U,353,43.6,7.83,5.33,4.64,3.31,70.12,12.29,10.55,51.32,72.46,74.45,100,60.53,39.43,Sedang,Sumatera
0124,Kabupaten/Kota 124,Provinsi V,423,58.67,5.13,5.88,3.67,2.91,94.87,6.52,2.01,89.22,79.33,96.09,73.68,100,15.48,Rendah,Sumatera
0125,Kabupaten/Kota 125,Provinsi W,1053,52.63,9.77,9.61,4.52,3.39,72.66,14.96,10.87,62.54,69.91,95.27,96.9,93.93,32.47,Rendah,Kalimantan
0126,Kabupaten/Kota 126,Provinsi X,304,39.08,8.52,9.57,2.21,7.13,79.82,2.67,8.39,67.68,81.62,92.22,100,51.57,24.47,Rendah,Sumatera
0127,Kabupaten/Kota 127,Provinsi Y,571,34.99,12.2,8.09,2.54,0,78.87,17.19,3.62,64.26,75.88,100,65.39,75.72,28.11,Rendah,Sulawesi
0128,Kabupaten/Kota 128,Provinsi Z,523,48.25,8.35,11.01,4.63,5.74,87.48,6.73,1,76.75999999999999,69.89,100,55.14,82.36,26.33,Rendah,Jawa
0129,Kabupaten/Kota 129,Provinsi NA,211,46.89,7.01,5.71,3,3.78,80.18,5.78,6.54,66.21,68.65,100,99.41,74.47,22.62,Rendah,Kalimantan
0130,Kabupaten/Kota 130,Provinsi NA,479,52.56,8.83,9.53,0.5,2.77,94.97,11.5,10.68,49.54,54.68,93.59,81.24,99.71,35.46,Sedang,Kalimantan
0131,Kabupaten/Kota 131,Provinsi NA,933,40.25,4.44,6.91,1.73,0,84.28,10.41,9.28,82.3,62.22,94.78,100,100,21.56,Rendah,Sulawesi
0132,Kabupaten/Kota 132,Provinsi NA,635,55.79,5.49,5.33,4.51,4.38,86.96,4.8100000000000005,6.54,89.69,66.84,100,89.78,69.58,18.74,Rendah,Jawa
0133,Kabupaten/Kota 133,Provinsi NA,512,35.03,9.53,9.31,2.08,0.05,92.9,3.02,8.2,66.18,81.23,77.99,84.59,95.21,23.77,Rendah,Sulawesi
0134,Kabupaten/Kota 134,Provinsi NA,373,41.03,7,10.45,3.5,4.95,80.83,8.49,8.62,79.18,79.5,86.97,59.04,100,32.99,Rendah,Nusa Tenggara
0135,Kabupaten/Kota 135,Provinsi NA,50,53.89,7.8,9.2,3.02,2.32,91.5,5.960000000000001,4.99,61.67,60.32,100,72.86,87.31,26.36,Rendah,Jawa
0136,Kabupaten/Kota 136,Provinsi NA,839,56.88,7.65,5.73,2.26,5.14,87.45,3.1,8.22,81.28,64.28,96.98,64.32,88.47,28.22,Rendah,Kalimantan
0137,Kabupaten/Kota 137,Provinsi A,62,21.74,6.05,5.83,2.47,6.38,86.61,8.81,8.45,83.18,90.85,89.58,100,100,20.11,Rendah,Jawa
0138,Kabupaten/Kota 138,Provinsi B,722,46.29,2,10.44,3.59,3.49,82.25,20.24,5.11,72.55,53.05,100,65.81,82.18,35.59,Sedang,Kalimantan
0139,Kabupaten/Kota 139,Provinsi C,1073,52.31,9.05,7.88,3.31,1.93,82.26,11.690000000000001,8.79,73.16,72.15,100,94.32,44.39,22.98,Rendah,Jawa
0140,Kabupaten/Kota 140,Provinsi D,67,27.59,10.28,9.07,4.85,3.16,86.25,2.21,9.24,68.27000000000001,73.33,95.18,100,88.05,20.94,Rendah,Jawa
0141,Kabupaten/Kota 141,Provinsi E,711,50.77,4.13,6.15,2.7,3,75.4,8.06,10.11,56.81,63.98,95.09,80.14,56.82,34.62,Sedang,Sumatera
0142,Kabupaten/Kota 142,Provinsi F,421,35.06,12.45,10.15,1.62,0.52,78.6,4.210000000000001,10.84,90,53.53,100,87.17,68.98,23.35,Rendah,Jawa
0143,Kabupaten/Kota 143,Provinsi G,50,57.24,9.16,4.98,3.25,2.66,95,15.64,9.64,81.36,65.28,92.62,68.77,75.69,30.13,Rendah,Sumatera
0144,Kabupaten/Kota 144,Provinsi H,50,51.46,12.02,8.56,4.06,4.42,69.41,11.76,9.21,88.32,95,93.54,84.91,41.8,23.84,Rendah,Sumatera
0145,Kabupaten/Kota 145,Provinsi I,50,54.23,5.13,4.96,6.42,4.34,56.44,16.33,7.62,44.06999999999999,68.68,78.81,79.58,76.7,48.36,Sedang,Maluku
0146,Kabupaten/Kota 146,Provinsi J,341,46.45,8.5,3,2.3,5.99,88.24,2.93,9.8,53.66,67.32,100,73.7,95.97,31.79,Rendah,Nusa Tenggara
0147,Kabupaten/Kota 147,Provinsi K,61,55.36,7.7,3.64,2.51,8.88,59.790000000000006,25.36,2.92,67.09,72.15,85,93.95,68.79,41.3,Sedang,Papua
0148,Kabupaten/Kota 148,Provinsi L,706,61.57,10.31,7.34,4.32,6,86.68,5.74,10.62,41.72,55.97,99.42,72.51,53.24,39.17,Sedang,Kalimantan
0149,Kabupaten/Kota 149,Provinsi M,1130,68.59,6.27,9.21,4.92,9.43,53.93000000000001,24.98,5.86,42.62,79.01,85,61.82,74.57,54.94,Sedang,Papua
0150,Kabupaten/Kota 150,Provinsi N,114,44.66,7.97,3,2.01,3.06,74.87,12.44,17.35,74.05,78.63,99.96,97.34,69.68,28.73,Rendah,Sumatera
0151,Kabupaten/Kota 151,Provinsi O,736,20,2.66,3.87,4,9.05,72.49,16.33,5.61,47.57,65.82,97.58,88.03,85.6,39.66,Sedang,Kalimantan
0152,Kabupaten/Kota 152,Provinsi P,731,45.38,5.67,11.41,2.15,6.78,65.31,18.57,1,41.6,70.71,100,60.66,68.81,42.56,Sedang,Kalimantan
0153,Kabupaten/Kota 153,Provinsi Q,600,47.47,8.38,5.92,1.56,1.42,71.97,3.46,13.49,72.34,63.94,93.91,74.44,67.38,32.78,Rendah,Sumatera
0154,Kabupaten/Kota 154,Provinsi R,197,43.14,5.88,8.26,3.94,6.21,68.45,18.13,5.61,89.32,78.28,100,97.77,86.44,24.6,Rendah,Sulawesi
0155,Kabupaten/Kota 155,Provinsi S,464,51.82,7.87,5.68,3.16,1.29,83.57,16.13,10.37,54.28,50.09,100,70.04,88.93,38.74,Sedang,Kalimantan
0156,Kabupaten/Kota 156,Provinsi T,416,57.13,6.6,6.25,3.58,7.84,72.09,10.16,8.9,54.7,67.33,93.34,96.62,100,36.18,Sedang,Sumatera
0157,Kabupaten/Kota 157,Provinsi U,669,38.78,9.82,7.22,2.13,3.38,74.17,11.88,12.39,50.88,77.48,100,80.09,99.18,34.63,Sedang,Sumatera
0158,Kabupaten/Kota 158,Provinsi V,388,41.47,11.51,7.03,5.69,4.29,76.72,9.93,4.39,90,90.25,100,63.73,68.2,21.63,Rendah,Jawa
0159,Kabupaten/Kota 159,Provinsi W,793,49.77,5.53,6.52,4,2.96,87.15,10.96,3.24,69.38,59.1,94.02,92.06,96.3,25.2,Rendah,Jawa
0160,Kabupaten/Kota 160,Provinsi X,388,38.4,7.08,5.83,2.44,2.44,68.88,1,12.26,67.44,56.58,100,47.67,56.15,39.04,Sedang,Jawa
0161,Kabupaten/Kota 161,Provinsi Y,816,46.1,12.32,3,4.05,10.11,45.5,20.75,4.17,52.94,68.7,98.67,75.3,82.88,47.96,Sedang,Sulawesi
0162,Kabupaten/Kota 162,Provinsi Z,185,21.46,2,11.67,1.18,7.98,95,1,1.87,71.18,69.31,97.47,83.71,44.23,21,Rendah,Jawa
0163,Kabupaten/Kota 163,Provinsi NA,122,31.56,7.04,11.48,2.79,7.03,92.57,1,11.11,71.03,79.1,100,88.76,87.28,22.3,Rendah,Jawa
0164,Kabupaten/Kota 164,Provinsi NA,1472,29.07,14.19,4.25,5.11,5.22,81.35,17.73,7.74,74.1,68.63,80.15,88.86,60.68,35.41,Sedang,Sulawesi
0165,Kabupaten/Kota 165,Provinsi NA,375,34.76,14.58,6.58,2.72,7.21,40,12.93,17.11,49.53,63.11,79.5,86.72,78.67,57.33,Sedang,Maluku
0166,Kabupaten/Kota 166,Provinsi NA,589,36.68,8.47,10.44,4.37,6.99,91.77,5.66,9.37,87.12,92.68,98.33,100,84.93,14.86,Rendah,Jawa
0167,Kabupaten/Kota 167,Provinsi NA,691,49.59,5.41,9.5,2.67,9.81,80.2,3.92,6.59,55.55,66.05,93.95,100,53,31.48,Rendah,Sumatera
0168,Kabupaten/Kota 168,Provinsi NA,355,56.79,8.5,10.19,0.5,7.55,74.22,1.23,5.49,75.87,80.57,95.97,100,96.16,21.18,Rendah,Nusa Tenggara
0169,Kabupaten/Kota 169,Provinsi NA,655,36.27,6.04,4.32,1.68,4.38,83.25,9.35,14.74,30,78.93,100,65.33,99.74,40.97,Sedang,Sumatera
0170,Kabupaten/Kota 170,Provinsi NA,611,33.04,12.36,13.44,3.33,4.36,86.21,15.88,3.14,81.92,64.72,78.4,72.9,84.99,33.29,Sedang,Sulawesi
0171,Kabupaten/Kota 171,Provinsi A,435,32.5,5.58,4.17,5.17,3.6,83.78,8.9,10.47,83,89.95,100,66.12,57.77,23.76,Rendah,Jawa
0172,Kabupaten/Kota 172,Provinsi B,520,40.02,9.12,8.88,2.11,3.91,94.45,8.15,10.25,58.92,56.13,88.92,78.72,53.28,34.73,Sedang,Sumatera
0173,Kabupaten/Kota 173,Provinsi C,490,42.13,9.86,7.35,3.41,4.29,94.88,6.91,5.71,87.13,58.75,100,89.58,52.94,19.55,Rendah,Jawa
0174,Kabupaten/Kota 174,Provinsi D,1139,50.8,5.73,5.99,1.55,8.67,87.24,11.41,14.14,46.65,84.01,91.42,87.81,71.97,37.35,Sedang,Sumatera
0175,Kabupaten/Kota 175,Provinsi E,278,41.14,10.55,6.05,1.48,0,71.85,11.86,5.01,55.51,51.31,100,81.53,78.08,32.63,Rendah,Kalimantan
0176,Kabupaten/Kota 176,Provinsi F,171,20.06,5.76,4.52,1.83,2.89,73.69,9.32,7.92,66.64,77.65,93.22,82.67,86.36,28.97,Rendah,Sumatera
0177,Kabupaten/Kota 177,Provinsi G,511,43.9,9.89,11.06,5.05,4.6,65.77,14.17,9.55,41.56,72.37,90.12,78.73,94.32,43.15,Sedang,Kalimantan
0178,Kabupaten/Kota 178,Provinsi H,593,59.25,11.29,7.22,4.41,1.15,89.07,1,17.29,79.4,78.87,90.17,72.09,70.67,26.85,Rendah,Jawa
0179,Kabupaten/Kota 179,Provinsi I,631,59.3,5.03,7.65,3.89,9.86,62.64,24.27,10.46,44.459999999999994,79.38,72.02,74,99.82,56.87,Sedang,Papua
0180,Kabupaten/Kota 180,Provinsi J,362,35.53,11.32,7.52,4.67,4.3,60.91,19.96,14.93,40.82,62.01,77.1,72.56,73.34,57.24,Sedang,Maluku
0181,Kabupaten/Kota 181,Provinsi K,181,26.43,6.53,6.06,2.36,1.65,78.19,4.99,5.09,60.6,61.79,99.68,77.39,52.99,27.58,Rendah,Jawa
0182,Kabupaten/Kota 182,Provinsi L,879,74.5,8.88,4.16,4.14,2.33,72.68,16.23,1.02,82.5,79.77,99.11,64.08,92.84,25.38,Rendah,Kalimantan
0183,Kabupaten/Kota 183,Provinsi M,395,43.05,8.61,7.63,3.31,7.62,94.85,9.43,11.56,42.72,80.66,94.39,100,90.03,30.59,Rendah,Sumatera
0184,Kabupaten/Kota 184,Provinsi N,240,43.83,6.72,3,1.43,10.61,65.71,6.09,1.49,42.84,56.64,100,100,82.12,36.06,Sedang,Sulawesi
0185,Kabupaten/Kota 185,Provinsi O,429,50.05,8.8,3.45,1.75,4.63,55.94,14.780000000000001,2.63,36.26,55.22,70.08,65.37,88.84,55.52,Sedang,Maluku
0186,Kabupaten/Kota 186,Provinsi P,441,25.63,4.31,4.31,3.08,5.32,60.97,16.01,10.44,88.24,57.1,99.44,100,100,32.44,Rendah,Nusa Tenggara
0187,Kabupaten/Kota 187,Provinsi Q,833,36.26,7.59,4.3,3.31,2.15,62.59,1,7.78,66.6,69.82,100,86.7,74.06,26.57,Rendah,Kalimantan
0188,Kabupaten/Kota 188,Provinsi R,525,26.51,10.48,7.27,2.52,8.95,72.13,9.5,11.39,68.89,69.75,99.08,85.4,98.18,35.37,Sedang,Sumatera
0189,Kabupaten/Kota 189,Provinsi S,726,36.68,2,11,1.51,7.17,71.09,13.09,13.73,61.76,95,93.97,85.88,70.08,34.12,Sedang,Sulawesi
0190,Kabupaten/Kota 190,Provinsi T,350,46.43,3.54,3.21,0.5,0,68.83,3.75,11.65,69.06,76.45,90.96,91.86,100,26.46,Rendah,Kalimantan
0191,Kabupaten/Kota 191,Provinsi U,564,28.62,4.51,8.08,3.64,3.06,67.26,12.04,9.53,74.5,68.19,83.72,86.54,77.02,35.22,Sedang,Sumatera
0192,Kabupaten/Kota 192,Provinsi V,403,52.08,3.23,9.25,2.56,4.3,83.03,11.02,10.21,90,63.66,87.65,72.09,75.81,32.26,Rendah,Jawa
0193,Kabupaten/Kota 193,Provinsi W,528,48.47,9.26,4.53,3.82,1.68,86.34,1.05,8.58,85.56,63.58,100,87.07,91.16,18.68,Rendah,Sumatera
0194,Kabupaten/Kota 194,Provinsi X,231,34.15,5.02,6.87,0.68,4.18,56.42,16.68,14.83,33.33,62.56,77.45,98.12,90.93,52.89,Sedang,Papua
0195,Kabupaten/Kota 195,Provinsi Y,107,47.72,2,9.06,1.12,1.6,72.17,17.57,8.21,77.63,56.87,87.89,81.46,100,35.82,Sedang,Jawa
0196,Kabupaten/Kota 196,Provinsi Z,1099,53.98,6.09,6.36,2.83,6.08,64.31,8.07,11.23,71.2,72.1,99.12,66.63,88.46,37.06,Sedang,Nusa Tenggara
0197,Kabupaten/Kota 197,Provinsi NA,680,57.73,6.83,6.45,0.88,6.01,54.96,6.2,4.24,77.38,40,100,60.23,98.14,41.3,Sedang,Nusa Tenggara
0198,Kabupaten/Kota 198,Provinsi NA,125,42.45,10.57,7.77,0.5,7.43,67.89,1.8499999999999996,8.16,75,55.97,82.79,94.34,92.31,35.42,Sedang,Jawa
0199,Kabupaten/Kota 199,Provinsi NA,317,43.88,4.69,6.85,4.18,6.25,67.53,9.39,1,74.76,81.9,100,84.04,71.36,23.92,Rendah,Sumatera
0200,Kabupaten/Kota 200,Provinsi NA,144,43.96,11.48,5.61,4.35,9.78,65.24,13.12,8.55,56.77,71.79,100,76.1,100,40.95,Sedang,Nusa Tenggara
0201,Kabupaten/Kota 201,Provinsi NA,1160,62.3,9.2,6.65,1.46,3.84,63.51,7.78,2.05,59.88,76.66,84.87,88.38,62.57,31.02,Rendah,Sumatera
0202,Kabupaten/Kota 202,Provinsi NA,894,58.5,9.09,11.71,2.59,0,94.89,13.21,7.47,80.18,62.92,88.57,74.56,98.38,26.61,Rendah,Nusa Tenggara
0203,Kabupaten/Kota 203,Provinsi NA,420,55.01,5.44,9.18,1.3,5.08,95,11.21,7.04,51.76,86.91,100,83.76,63.89,24.74,Rendah,Jawa
0204,Kabupaten/Kota 204,Provinsi NA,663,41.55,13.86,4.71,3.47,6.95,95,14.02,11.89,68.32,66.43,97.92,89.29,97.62,30.92,Rendah,Nusa Tenggara
0205,Kabupaten/Kota 205,Provinsi A,376,49.48,7.51,3.89,2.96,3.8,67.76,26.5,5.43,58.89,77.05,70.48,54.42,77.98,50.63,Sedang,Maluku
0206,Kabupaten/Kota 206,Provinsi B,357,49.84,2.53,6.1,1.7,9.2,73.39,7.19,5.34,59.83,70.16,89.9,70.24,80.63,38.62,Sedang,Nusa Tenggara
0207,Kabupaten/Kota 207,Provinsi C,263,32.5,7.39,10.32,1.84,8.28,64.57,11.26,1,74.37,75.75,100,65.18,100,32.36,Rendah,Kalimantan
0208,Kabupaten/Kota 208,Provinsi D,322,24.26,2.2,7.73,1.41,6.61,63.99,15.99,10.48,54.4,64.7,100,66.44,66.32,44.97,Sedang,Sumatera
0209,Kabupaten/Kota 209,Provinsi E,995,52.7,7.07,5.25,3.65,5.21,80.03,7.33,12.35,82.57,84.93,100,100,98.85,20.66,Rendah,Jawa
0210,Kabupaten/Kota 210,Provinsi F,484,26.65,6.73,9.21,3.86,3.35,87.81,13.28,7.1,65.15,63.79,88.65,100,67.78,28.38,Rendah,Kalimantan
0211,Kabupaten/Kota 211,Provinsi G,536,45.02,10.05,6.67,3.56,4.47,81.66,12.31,13.92,64.57,95,92.54,96.47,80.45,26.99,Rendah,Sumatera
0212,Kabupaten/Kota 212,Provinsi H,573,48,11.03,4.2,1.74,6.41,68.9,23.1,6.36,30,68.06,69.19,79.44,77.78,55.07,Sedang,Maluku
0213,Kabupaten/Kota 213,Provinsi I,870,51.77,5.82,8.15,0.5,7.9,83.13,6.85,3.99,77.56,71.51,100,100,100,21.05,Rendah,Jawa
0214,Kabupaten/Kota 214,Provinsi J,345,47.27,10.42,10.81,3.8,4.11,44.46,15.4,8.92,32.79,62.56,79.6,66.68,100,57.52,Sedang,Papua
0215,Kabupaten/Kota 215,Provinsi K,202,36.21,12.27,8.09,2.73,2.82,78.26,13.04,10.75,59.61,78.8,100,55.06,81.36,35.78,Sedang,Sumatera
0216,Kabupaten/Kota 216,Provinsi L,1003,56.84,5.65,7.48,2.94,12.43,72.85,9.27,2.03,80.36,72.27,92.45,40,82.42,40.91,Sedang,Sumatera
0217,Kabupaten/Kota 217,Provinsi M,368,65.86,6.04,5.36,4.55,6.56,81.96,15.61,1.46,71.5,77.62,100,88.41,81.47,24.2,Rendah,Jawa
0218,Kabupaten/Kota 218,Provinsi N,283,55.57,9.95,8.42,1.66,2.29,95,3.8200000000000003,8.19,79.51,78.56,92.47,85.55,55.19,18.52,Rendah,Jawa
0219,Kabupaten/Kota 219,Provinsi O,129,21.68,8.55,4.32,4.72,7.79,83.7,12.91,9.92,66.55,60.77,96.84,73.15,49.69,37.94,Sedang,Nusa Tenggara
0220,Kabupaten/Kota 220,Provinsi P,115,61.79,9.65,3,2.38,5.19,82.72,1,1,77.16,79.91,93.73,92.34,76.63,16.7,Rendah,Jawa
0221,Kabupaten/Kota 221,Provinsi Q,328,44.33,12.21,6.89,1.93,7.48,55.97,8.05,1.18,77.09,55.72,86.69,85.64,76.3,36.47,Sedang,Kalimantan
0222,Kabupaten/Kota 222,Provinsi R,685,51.3,9.16,6.91,2.69,5.16,57.129999999999995,17.03,9.23,44.36,71.84,79.17,80.46,66.92,49.03,Sedang,Papua
0223,Kabupaten/Kota 223,Provinsi S,833,52.46,11.16,12.91,3.59,4.82,84.9,19.39,11.55,67.32,80.95,87.77,100,63.94,31.09,Rendah,Nusa Tenggara
0224,Kabupaten/Kota 224,Provinsi T,712,43.84,9.87,3.96,2.69,5.27,63.730000000000004,21.09,6.48,31.65,50.9,73.1,100,79.05,52.69,Sedang,Maluku
0225,Kabupaten/Kota 225,Provinsi U,391,44.1,9.3,7.43,1.65,6.24,77.72,12.87,12.8,59.27,64.7,99.08,100,100,34.08,Sedang,Sumatera
0226,Kabupaten/Kota 226,Provinsi V,518,57.23,9.16,9.01,2.58,3.17,85.45,13.8,5.54,55.29,65.16,100,93.95,73.68,27.48,Rendah,Kalimantan
0227,Kabupaten/Kota 227,Provinsi W,289,53.54,11.87,9.63,0.5,3.03,83.31,3.8100000000000005,7.33,87.11,45.25,100,69.98,100,28.14,Rendah,Jawa
0228,Kabupaten/Kota 228,Provinsi X,285,56.88,4.99,6.97,2.24,4.45,71.54,13.8,13.4,82.27,67.57,94.96,81.28,75.56,34.46,Sedang,Kalimantan
0229,Kabupaten/Kota 229,Provinsi Y,765,73.6,4.68,5.14,3.68,5.51,82.46,16.04,7.67,73.09,86.89,100,84.33,85.57,25.54,Rendah,Jawa
0230,Kabupaten/Kota 230,Provinsi Z,195,52.97,9.78,6.84,2.75,4.05,67.35,25.7,8.1,30,53.11,73.94,87.24,100,55.78,Sedang,Papua
0231,Kabupaten/Kota 231,Provinsi NA,1087,47.49,7.64,11.85,4.03,5.95,72.31,16.29,4.4,52.32,56.81,97.36,100,85.31,35.05,Sedang,Kalimantan
0232,Kabupaten/Kota 232,Provinsi NA,473,20,8.22,8.21,3.73,1.69,82.6,6.99,8.27,50.99,65.28,100,63.71,68.33,33.22,Sedang,Sumatera
0233,Kabupaten/Kota 233,Provinsi NA,564,77.3,10.22,3,3.97,0.71,72.72,8.07,5.42,90,69.29,92.22,64.67,49.28,26.54,Rendah,Jawa
0234,Kabupaten/Kota 234,Provinsi NA,278,39.21,10.26,10.56,3.98,10.68,62.29,13.76,1,67.14,71.26,100,84.1,70.76,34.34,Sedang,Kalimantan
0235,Kabupaten/Kota 235,Provinsi NA,328,73.5,7.21,8.35,0.5,6.19,61.269999999999996,18.07,4.12,68.47,72.27,74.8,62.94,97.96,46.14,Sedang,Papua
0236,Kabupaten/Kota 236,Provinsi NA,105,49.5,7.06,6.92,3.01,3.81,82.6,12.7,7.05,71.01,66.66,98.44,100,71.62,24.76,Rendah,Nusa Tenggara
0237,Kabupaten/Kota 237,Provinsi NA,445,63.46,8.22,6.96,5.45,4.16,70.92,23.84,8.65,41.79,95,83.89,82.48,94.68,40.61,Sedang,Sumatera
0238,Kabupaten/Kota 238,Provinsi NA,626,43.68,11.19,6.63,2.28,7.36,69.23,6.15,12.27,72.42,64.63,96.37,44.61,75.67,43.8,Sedang,Kalimantan
0239,Kabupaten/Kota 239,Provinsi A,597,51.14,9.28,7.64,3.68,4.37,46.61,15.32,8.15,53.78,53.98,100,81.42,54.76,44.88,Sedang,Sulawesi
0240,Kabupaten/Kota 240,Provinsi B,266,47.57,12.3,5.74,3.22,5.58,88.74,1,7.49,80.01,51.22,99.37,88.17,45.87,24.59,Rendah,Jawa
0241,Kabupaten/Kota 241,Provinsi C,263,42.77,7.98,7.69,3.84,4.21,65.97,14.11,12.42,63.48,67.61,82.34,73.43,61.82,44.54,Sedang,Nusa Tenggara
0242,Kabupaten/Kota 242,Provinsi D,349,43.56,11.38,4.67,2.59,3.5,89.03,1,17.66,77.84,63.52,100,66.01,80.13,31.01,Rendah,Jawa
0243,Kabupaten/Kota 243,Provinsi E,949,57.15,10.65,7.5,2.03,6.81,95,10.54,7.66,75.03,82.59,93.42,85.2,71.06,24.17,Rendah,Jawa
0244,Kabupaten/Kota 244,Provinsi F,159,42.58,9.84,9.77,3.11,5.42,70.04,4.39,12.71,90,67.75,87.16,100,65.83,28.61,Rendah,Kalimantan
0245,Kabupaten/Kota 245,Provinsi G,446,20.55,9.24,8.27,3.31,8.91,81.97,12.12,9.94,87.65,70.95,90.08,77.81,81.61,33.4,Sedang,Kalimantan
0246,Kabupaten/Kota 246,Provinsi H,1071,42.65,7.16,9.58,2.72,1.62,83.47,15.05,7.7,66.66,50.59,92.04,100,60.33,30.59,Rendah,Jawa
0247,Kabupaten/Kota 247,Provinsi I,470,51.48,7.67,4.27,3.05,4.59,63.69,20.67,1,47.980000000000004,67.12,81.58,100,97.43,38.95,Sedang,Papua
0248,Kabupaten/Kota 248,Provinsi J,92,52.4,8.69,7.14,3.62,4.37,63.44,11.36,4.13,82.27,66.74,97.67,66.04,69.24,32.28,Rendah,Sumatera
0249,Kabupaten/Kota 249,Provinsi K,301,52.4,8.15,8.54,1.84,1.78,79.18,20.43,5.77,81.54,53.16,92.11,97.98,76.87,29.22,Rendah,Sulawesi
0250,Kabupaten/Kota 250,Provinsi L,646,24.69,10.83,4.33,4.71,7.99,73.05,34.22,3.56,31.57,59.04,85,83.38,63.73,53.78,Sedang,Papua
0251,Kabupaten/Kota 251,Provinsi M,387,49.42,7.67,10.91,6.3,4.68,77.97,35,3.36,66.15,59.52,83.57,88.69,89.86,42.15,Sedang,Maluku
0252,Kabupaten/Kota 252,Provinsi N,331,56.61,7.79,4.41,5.22,0.84,48.13,19.64,6.35,34.43,79.93,69.77,100,86.75,45.86,Sedang,Maluku
0253,Kabupaten/Kota 253,Provinsi O,397,60.32,6.55,7.41,2.32,3.22,80.34,5.67,11.81,66.9,76.7,100,99.71,71.99,23.22,Rendah,Sumatera
0254,Kabupaten/Kota 254,Provinsi P,527,42.3,7.58,7.38,0.5,1.68,69.92,15.91,4.32,67.53,78.33,84.61,77.76,44.55,32.47,Rendah,Sumatera
0255,Kabupaten/Kota 255,Provinsi Q,980,41.14,7.79,7.3,3.08,8.12,80.23,14.61,8.47,36.2,86.87,94.33,62.49,82.88,42.15,Sedang,Nusa Tenggara
0256,Kabupaten/Kota 256,Provinsi R,473,62.85,2,6.47,4.32,12.63,83.22,14.71,7.19,78,66.14,97.81,90.45,87.66,33.52,Sedang,Jawa
0257,Kabupaten/Kota 257,Provinsi S,824,24.98,3.91,8.12,4.17,2.98,72.52,12.9,11.17,33.49,84.2,88.61,92.91,88.84,37.31,Sedang,Kalimantan
0258,Kabupaten/Kota 258,Provinsi T,689,39.76,7.78,4.42,1.16,4.72,81.82,12.96,8.15,35.5,66.81,100,100,98.89,33.32,Sedang,Kalimantan
0259,Kabupaten/Kota 259,Provinsi U,466,50.49,7.2,3.78,1.33,5.84,82.46,21.08,7.33,69.81,83.87,95.21,100,65.24,27.06,Rendah,Sulawesi
0260,Kabupaten/Kota 260,Provinsi V,50,25.59,4.4,5.36,3.2,13.13,87.79,7.970000000000001,5.66,85.12,54.96,100,88.23,66.71,30.33,Rendah,Jawa
0261,Kabupaten/Kota 261,Provinsi W,344,48.36,2.03,6.86,3.94,0,64.64,26.09,11.57,59.620000000000005,62.75,79.64,87.51,56.98,45.11,Sedang,Papua
0262,Kabupaten/Kota 262,Provinsi X,353,67.53,6.94,10.14,4.31,3.46,78.78,14.91,12.56,70.69,80.96,87.93,91.61,95.44,31.32,Rendah,Kalimantan
0263,Kabupaten/Kota 263,Provinsi Y,514,44.95,9.96,10.97,4.22,1.39,77.78,11.73,8.08,54.89,89.89,99.65,100,71.73,21.84,Rendah,Sumatera
0264,Kabupaten/Kota 264,Provinsi Z,890,41.66,13.32,7.8,1.55,4.32,85.91,3.789999999999999,21.09,67.99000000000001,69.53,93.63,87.51,65.64,33.68,Sedang,Jawa
0265,Kabupaten/Kota 265,Provinsi NA,1188,50.7,7.88,7.95,1.03,4.17,84.16,9.97,7.99,77.07,66.02,100,79.16,79.17,27,Rendah,Sumatera
0266,Kabupaten/Kota 266,Provinsi NA,964,41.65,12.48,6.39,0.5,2.81,82.1,1,19.7,86.77,77.51,100,69.19,76.56,27.55,Rendah,Sumatera
0267,Kabupaten/Kota 267,Provinsi NA,460,54.76,8.25,7.12,3.76,10.5,82.94,19.67,7.46,76.98,68.55,97.75,85.2,68.56,34.6,Sedang,Sulawesi
0268,Kabupaten/Kota 268,Provinsi NA,50,55.85,8.35,3.49,4.24,5.77,86.07,2.43,1.72,68.25,70.16,100,84.77,100,21.06,Rendah,Sumatera
0269,Kabupaten/Kota 269,Provinsi NA,383,45.03,8.97,7.72,3.5,12.18,80.49,8.46,2.3,63.97,73.03,98.5,85.01,66.67,30.81,Rendah,Kalimantan
0270,Kabupaten/Kota 270,Provinsi NA,527,30.88,5.39,5.66,1.41,7.47,73.47,9.78,4.51,89.43,83.07,100,79.09,100,23.54,Rendah,Nusa Tenggara
0271,Kabupaten/Kota 271,Provinsi NA,754,29.18,7.84,7.84,5.35,1.2,74.11,14.23,13.91,45,57.21,90.01,76.13,90.8,44.42,Sedang,Jawa
0272,Kabupaten/Kota 272,Provinsi NA,789,37.88,10.73,6.14,2.44,2.74,70.12,12.35,14.81,79.89,64.7,87.35,98.89,100,33.56,Sedang,Sumatera
0273,Kabupaten/Kota 273,Provinsi A,705,54.57,5.75,5.35,5.67,5.82,76.3,12.670000000000002,9.59,77.47999999999999,77.2,100,82.85,81.98,28.7,Rendah,Jawa
0274,Kabupaten/Kota 274,Provinsi B,81,21.5,7.04,6.45,3.83,3.27,72.01,10.23,9.23,48.09,44.27,94.52,100,80.16,38.22,Sedang,Sumatera
0275,Kabupaten/Kota 275,Provinsi C,755,22.36,4.56,6.08,4.79,6.06,79.75,17.03,5.85,90,85.55,90.79,73.26,68.91,27.84,Rendah,Jawa
0276,Kabupaten/Kota 276,Provinsi D,366,37.15,9.06,9.74,3.5,7.2,73.03,14.92,5.29,50.3,62.22,80.97,57.34,58.37,49.14,Sedang,Sulawesi
0277,Kabupaten/Kota 277,Provinsi E,552,49.73,9.27,7.52,2.9,6.26,64.76,15.28,5.13,70.16,57.47,91.23,82.6,74.57,38.76,Sedang,Sumatera
0278,Kabupaten/Kota 278,Provinsi F,522,34.04,9.95,8.08,1.48,4.6,68.78,17.27,4.52,67.78,72.01,100,98.68,69.32,27.96,Rendah,Nusa Tenggara
0279,Kabupaten/Kota 279,Provinsi G,628,55.64,4.34,3.9,2.16,3.07,78.56,3.11,5.84,67.12,95,100,82.7,70.71,18.31,Rendah,Nusa Tenggara
0280,Kabupaten/Kota 280,Provinsi H,507,49,8.32,10.74,2.93,1.13,77.14,11.94,5.51,37.22,61.93,100,61.32,86.71,38.29,Sedang,Sumatera
0281,Kabupaten/Kota 281,Provinsi I,50,42.95,5.17,7.4,3.42,6.02,70.96,13.29,10.11,67.44,52.06,82.04,76.26,71.95,45.41,Sedang,Kalimantan
0282,Kabupaten/Kota 282,Provinsi J,721,54.83,8,4.86,2.95,7.77,70.13,17.4,11.08,37.6,68.4,85,84.41,20,49.01,Sedang,Papua
0283,Kabupaten/Kota 283,Provinsi K,616,49.66,12.03,7.77,2.73,4.76,58.59,12.07,14.41,54.44,84.04,90.68,100,76.24,37.12,Sedang,Sulawesi
0284,Kabupaten/Kota 284,Provinsi L,420,39.65,6.49,9.18,3.28,7.26,79.83,7.67,1,47.25,66.67,96.02,100,83.39,28.44,Rendah,Nusa Tenggara
0285,Kabupaten/Kota 285,Provinsi M,535,47.77,10.15,3.54,2.21,11.68,90.7,13.32,9.98,47.92,77.2,100,97.17,78.73,33.88,Sedang,Kalimantan
0286,Kabupaten/Kota 286,Provinsi N,540,52.77,5.75,11.23,2.2,10.8,70.92,1.29,6.73,52.32,83.88,100,92.07,83.62,29.9,Rendah,Kalimantan
0287,Kabupaten/Kota 287,Provinsi O,566,49.28,6.56,6.6,0.82,3.52,78.88,13.71,6.93,83.7,49.43,96.08,72.8,71.89,33.35,Sedang,Nusa Tenggara
0288,Kabupaten/Kota 288,Provinsi P,992,37.1,9.32,9.8,4.27,6.64,69.42,8.18,1.43,75.43,77.2,89.37,97.17,97.14,25.14,Rendah,Sumatera
0289,Kabupaten/Kota 289,Provinsi Q,434,55.26,5.96,7.18,3.07,2.89,84.78,12.64,7.87,84.12,63.8,100,100,73.9,21.42,Rendah,Jawa
0290,Kabupaten/Kota 290,Provinsi R,550,58.84,2.89,6.17,2.87,7.07,83.16,1,4.9,90,69.28,100,96.13,71.74,17.48,Rendah,Nusa Tenggara
0291,Kabupaten/Kota 291,Provinsi S,851,48.32,11.8,3,1.89,4.82,65.86,12.26,9.42,89.18,95,100,100,96.65,19.95,Rendah,Sumatera
0292,Kabupaten/Kota 292,Provinsi T,816,46.73,9.08,4.25,2.63,5.83,69.45,10.67,3.55,78.54,73.03,100,89.56,100,25.23,Rendah,Sumatera
0293,Kabupaten/Kota 293,Provinsi U,844,44.09,6.25,6.9,1.37,2.42,80.32,17.64,21.78,47.25,79.73,97.31,100,72.46,37.15,Sedang,Sumatera
0294,Kabupaten/Kota 294,Provinsi V,327,70.94,2.02,9.07,1.43,8.62,79.16,2.52,4.87,86.5,58.12,87.45,100,77.72,26.58,Rendah,Sumatera
0295,Kabupaten/Kota 295,Provinsi W,1101,48.32,13.71,3,0.5,4.75,68.07,18.71,6.87,41.97,75.16,81.07,70.48,67.22,46.63,Sedang,Papua
0296,Kabupaten/Kota 296,Provinsi X,520,43.1,18.17,10.44,4.47,3.66,95,11.27,3.08,76.36,68.52,85.9,100,82.34,21.29,Rendah,Jawa
0297,Kabupaten/Kota 297,Provinsi Y,1060,20,8.62,10.5,3.19,4.77,82.7,15.68,6.7,68.56,67.22,100,96.47,100,27.04,Rendah,Sumatera
0298,Kabupaten/Kota 298,Provinsi Z,95,26.22,10.55,4.14,1.32,5.23,74.22,9.14,16.54,80.94,76.7,100,95.58,95.77,28.31,Rendah,Jawa
0299,Kabupaten/Kota 299,Provinsi NA,506,44.07,11.67,8.18,4.75,9.91,76.54,13.73,6.45,57.59,51.95,100,86.1,91.62,39.7,Sedang,Sulawesi
0300,Kabupaten/Kota 300,Provinsi NA,875,47.48,5.89,4.42,3.94,1.67,56.010000000000005,11.99,10.44,55.269999999999996,86.69,81.29,70.67,88.4,41.03,Sedang,Papua
0301,Kabupaten/Kota 301,Provinsi NA,285,48.32,6.95,6.69,4.11,12.38,74.94,17.11,4.24,57.77,95,75.87,66.25,76.19,43.86,Sedang,Nusa Tenggara
0302,Kabupaten/Kota 302,Provinsi NA,274,54.86,2.82,9.32,2.66,2.68,84.17,13.29,14.15,56.53,64.71,90.12,89.54,50.01,36.21,Sedang,Sumatera
0303,Kabupaten/Kota 303,Provinsi NA,218,42.67,5.79,9.17,2.37,5.52,62.760000000000005,11.11,9.87,41.19,76.23,85,82.83,93.48,43.6,Sedang,Papua
0304,Kabupaten/Kota 304,Provinsi NA,184,59.58,9.87,4.88,2.85,0,61.55,20.96,5.13,33.6,94.65,77.81,100,82.61,36.19,Sedang,Maluku
0305,Kabupaten/Kota 305,Provinsi NA,369,33.94,7.13,6.03,3.61,3.04,73.8,17.72,8.92,67.31,59.42,100,84.76,70.66,34.21,Sedang,Kalimantan
0306,Kabupaten/Kota 306,Provinsi NA,599,30.5,7.36,4.56,4.2,7.2,88.97,11.219999999999999,6.45,78.53999999999999,70.57,92.5,79.43,100,28.87,Rendah,Jawa
0307,Kabupaten/Kota 307,Provinsi A,50,30.25,7.66,7.85,5.38,6.52,63.21,8.21,10.03,60.56,95,97.06,100,95.22,27.7,Rendah,Sumatera
0308,Kabupaten/Kota 308,Provinsi B,564,53.91,2.41,3.1,2.24,6.23,70.78,17.45,4.76,71.96,58.9,90.62,81.02,100,37.77,Sedang,Kalimantan
0309,Kabupaten/Kota 309,Provinsi C,871,44,10.51,3,1.48,3.6,91.17,9.62,9.85,37.63,81.47,89.81,74.88,93.45,34.72,Sedang,Sulawesi
0310,Kabupaten/Kota 310,Provinsi D,1111,54.48,3.67,10.67,3.15,0,91.16,9.29,14.33,83.79,75.68,98.51,95.07,66.28,19.12,Rendah,Jawa
0311,Kabupaten/Kota 311,Provinsi E,890,41.79,7.37,12.68,7.53,1.78,75.38,12.57,13.05,90,65.64,100,100,75.41,24.09,Rendah,Jawa
0312,Kabupaten/Kota 312,Provinsi F,727,37.9,6.68,5.86,2.36,4.31,72.71000000000001,9.34,9.22,90,74.34,100,70.35,45.61,27.48,Rendah,Jawa
0313,Kabupaten/Kota 313,Provinsi G,50,40.58,7.34,8.9,4.72,6.86,75.41,3.08,9.33,90,66.01,100,80.9,76.38,26.41,Rendah,Jawa
0314,Kabupaten/Kota 314,Provinsi H,320,22.77,12.38,6.98,2.64,7.51,80.8,16.92,9.69,55.4,79.12,100,79.82,48,35.48,Sedang,Kalimantan
0315,Kabupaten/Kota 315,Provinsi I,394,30.96,6.25,10.69,2.28,4.09,89.33,15.86,11.59,65.3,63.89,97.7,85.49,82.02,32.43,Rendah,Jawa
0316,Kabupaten/Kota 316,Provinsi J,711,27.7,5.65,8.39,1.93,4.55,69.31,6.42,9.54,69.89,48.91,99.14,89.97,82.78,33.72,Sedang,Kalimantan
0317,Kabupaten/Kota 317,Provinsi K,468,57.65,3.44,7.51,2.68,4.51,71.31,10.91,10.42,39.72,79.76,89.22,95.95,68.87,36.54,Sedang,Nusa Tenggara
0318,Kabupaten/Kota 318,Provinsi L,122,37.83,5.58,3,5.46,5.17,84.78,18.02,10.55,83.16,83.59,100,100,79.58,22.58,Rendah,Sumatera
0319,Kabupaten/Kota 319,Provinsi M,1005,54.47,4.5,9.71,3.45,9.61,71.93,6.89,8.91,49.29,71.34,84.22,74.06,50.88,44.23,Sedang,Kalimantan
0320,Kabupaten/Kota 320,Provinsi N,773,63.2,9.22,6.12,3.73,2.82,74.42,1.68,10.88,71.58,60.04,94.55,84.79,86.83,29.84,Rendah,Sumatera
0321,Kabupaten/Kota 321,Provinsi O,571,42.7,5.41,3.49,4.26,4.39,78.53,9.03,8.23,59.93,64.21,100,96.81,100,28.57,Rendah,Nusa Tenggara
0322,Kabupaten/Kota 322,Provinsi P,865,48.41,8.91,6.5,6.11,5.24,73.18,18.4,12.05,30,54.19,100,76.08,90.83,49.05,Sedang,Sumatera
0323,Kabupaten/Kota 323,Provinsi Q,98,23.99,7.56,6.68,4.16,0.99,67.65,3.83,6.29,68.89,53.35,94.31,91.84,100,28.59,Rendah,Kalimantan
0324,Kabupaten/Kota 324,Provinsi R,698,35.18,3.7,9.65,0.86,2.24,80.87,5.51,8.78,63.45,83.59,80.88,100,77.36,25.48,Rendah,Jawa
0325,Kabupaten/Kota 325,Provinsi S,343,45.67,5.63,4.08,1.45,5.6,64.19,17.77,8.13,78.83,45.3,100,64.86,75.09,42.99,Sedang,Sumatera
0326,Kabupaten/Kota 326,Provinsi T,705,48.59,10.66,5.61,0.62,6.28,79.69,12.28,3.7,30,76.7,90.02,95.86,100,35.04,Sedang,Sulawesi
0327,Kabupaten/Kota 327,Provinsi U,482,35.89,10.71,10.72,0.5,8.42,88.32,15.4,12.8,63.03,65.39,100,83.92,89.1,36.51,Sedang,Kalimantan
0328,Kabupaten/Kota 328,Provinsi V,690,77.22,14.02,10.4,4.94,3.6,87.44,16.74,3.35,64.2,54.09,86.43,69.98,94.42,37.03,Sedang,Jawa
0329,Kabupaten/Kota 329,Provinsi W,901,39.5,7.99,9.91,2.26,9.36,83.13,17.4,13.22,81.91,67.21,91.43,88.95,77.57,36.73,Sedang,Kalimantan
0330,Kabupaten/Kota 330,Provinsi X,502,45.77,3.51,11.15,3.59,2.41,53.489999999999995,25.55,3.73,34.08,67.73,85,84.26,79.14,47.89,Sedang,Papua
0331,Kabupaten/Kota 331,Provinsi Y,805,52.8,5.69,7.51,4.77,0.21,58.599999999999994,24.95,4.07,59.03,84.43,82.74,69.64,84.5,39.67,Sedang,Papua
0332,Kabupaten/Kota 332,Provinsi Z,143,44.69,9.23,5.55,2.23,0,73.64,5.05,11.44,57.98,95,97.75,85.3,80.78,23.06,Rendah,Sulawesi
0333,Kabupaten/Kota 333,Provinsi NA,284,37.28,13.7,8.39,2.8,8.31,70.69,12.04,7.67,81.95,91.87,100,93.77,94.25,24.09,Rendah,Jawa
0334,Kabupaten/Kota 334,Provinsi NA,956,57.54,8.33,9.65,3.53,5.91,85.89,10.25,1,90,89.52,89.08,82.04,73.38,18.71,Rendah,Jawa
0335,Kabupaten/Kota 335,Provinsi NA,613,64.39,11.42,13.03,3.34,4.61,79.79,14.42,14.01,54.77,89.39,95.25,100,63.44,30.09,Rendah,Sulawesi
0336,Kabupaten/Kota 336,Provinsi NA,50,44.64,10.3,3,1.84,4.12,66.83,22.34,1,70,81.14,83.8,100,100,30,Rendah,Maluku
0337,Kabupaten/Kota 337,Provinsi NA,91,51.75,4.5,7.68,4.1,9.76,95,1,5.23,90,64.55,100,73.73,66.72,22.93,Rendah,Jawa
0338,Kabupaten/Kota 338,Provinsi NA,440,43.83,7.49,8.64,3.82,8.6,60.27,12.92,1.92,84.27,72.05,88.52,100,85.19,29.87,Rendah,Kalimantan
0339,Kabupaten/Kota 339,Provinsi NA,760,57.2,11.92,6.86,2.57,1.99,91.18,14.530000000000001,5.73,46.3,51.63,100,100,46.51,29.28,Rendah,Jawa
0340,Kabupaten/Kota 340,Provinsi NA,469,31.13,10.63,3.11,1.17,0.83,82.17,8.33,8.35,62.47,60.67,100,75.29,68.41,29.4,Rendah,Sulawesi
0341,Kabupaten/Kota 341,Provinsi A,687,72.85,9.39,8.85,3.95,8.26,82.9,1,6.67,58,59.52,100,100,100,27.66,Rendah,Jawa
0342,Kabupaten/Kota 342,Provinsi B,788,37.76,9.43,5.05,5.14,6.68,81.02,23.03,5.68,76.39,56.92,100,100,81.65,31.05,Rendah,Kalimantan
0343,Kabupaten/Kota 343,Provinsi C,1001,27.49,6.53,8.26,5.07,3.47,70.85,3.6099999999999994,7.34,90,86.95,81.04,94.39,94.7,22.03,Rendah,Jawa
0344,Kabupaten/Kota 344,Provinsi D,517,40.79,4.04,9.27,4.31,6.19,87.14,13.84,9.08,70.74000000000001,76,100,98.38,89.78,25.11,Rendah,Jawa
0345,Kabupaten/Kota 345,Provinsi E,484,46.76,11.89,10.21,2.28,0,53.71,10.74,4.58,72.32,73.17,100,69.81,54.45,30.05,Rendah,Jawa
0346,Kabupaten/Kota 346,Provinsi F,50,64.48,3.74,3.11,2.2,3,78.12,21.95,1,40.68,69.86,100,100,95.47,29.98,Rendah,Sulawesi
0347,Kabupaten/Kota 347,Provinsi G,530,55.93,5.18,9.7,2.12,6.31,95,6.75,4.3,90,81.83,94.41,76.1,61.61,18.99,Rendah,Jawa
0348,Kabupaten/Kota 348,Provinsi H,328,46.71,9.89,5.11,2.38,4.78,90.42,10.2,1,86.92,80.62,100,79.59,92.83,16.5,Rendah,Nusa Tenggara
0349,Kabupaten/Kota 349,Provinsi I,208,28.33,4.21,3.78,4.06,1.15,40,32.39,10.54,30,59.14,74.46,92.67,58.3,60.88,Sedang,Maluku
0350,Kabupaten/Kota 350,Provinsi J,446,34.61,6.34,10.29,3.38,8.05,80.35,24.94,15.48,37.81,45.95,94.17,86.55,79.43,54.08,Sedang,Nusa Tenggara
0351,Kabupaten/Kota 351,Provinsi K,804,43.04,4.45,9.87,0.5,8.49,71.5,13.91,3.42,82.16,55.86,99.83,100,89.54,29.08,Rendah,Kalimantan
0352,Kabupaten/Kota 352,Provinsi L,50,75.64,9.86,6.39,0.5,2.18,74.75,13.02,4.46,85.23,64.06,90.14,73.98,74.13,29.42,Rendah,Sumatera
0353,Kabupaten/Kota 353,Provinsi M,372,22.68,9.34,8.9,2.97,4.44,52.84,16.45,4.5,70.57,69.96,95.68,76.93,77.39,36.9,Sedang,Sumatera
0354,Kabupaten/Kota 354,Provinsi N,535,58.57,9.27,4.85,3.22,7.19,88.85,2.96,11.15,83.63,88.04,100,88.95,90.31,19.32,Rendah,Jawa
0355,Kabupaten/Kota 355,Provinsi O,232,38.67,9.33,6.62,0.5,7.59,69.73,14.99,8.13,55.68,77.62,91.29,93.45,92.96,36.58,Sedang,Sumatera
0356,Kabupaten/Kota 356,Provinsi P,600,64.99,9.67,6.77,1.78,3.41,88.74,1.0599999999999996,9.96,85.09,78.23,90.73,100,100,17.36,Rendah,Jawa
0357,Kabupaten/Kota 357,Provinsi Q,623,31.33,9.92,6.3,3.04,2.36,58.09,20.22,11.09,38.22,79.73,85,65.5,100,49.59,Sedang,Papua
0358,Kabupaten/Kota 358,Provinsi R,490,46.72,2.09,8.84,5.19,6.04,64.75,16.77,8.99,90,68.43,88.72,100,77.97,31.99,Rendah,Kalimantan
0359,Kabupaten/Kota 359,Provinsi S,50,31.81,7.55,10.84,0.5,0,78.33,7.42,9.79,58.26,57.11,92.85,98.34,100,29.24,Rendah,Sulawesi
0360,Kabupaten/Kota 360,Provinsi T,1271,55.84,8.34,5.86,1.12,2.15,80.95,17.11,3.35,30,59.23,99.06,100,92.47,33.21,Sedang,Sulawesi
0361,Kabupaten/Kota 361,Provinsi U,438,62.81,10.17,6.92,1.38,7.32,85.54,10.01,7.75,87.5,53.71,100,65.96,81.26,32.52,Rendah,Jawa
0362,Kabupaten/Kota 362,Provinsi V,695,68.41,4.44,11.09,3.26,0,90.67,15.600000000000001,5.54,61.14,54.49,100,90.46,79.05,26.29,Rendah,Jawa
0363,Kabupaten/Kota 363,Provinsi W,582,54.57,6.5,6.18,3.5,1.4,70.36,24.99,2.78,77.34,51.79,89.56,77.56,62.06,37.03,Sedang,Sumatera
0364,Kabupaten/Kota 364,Provinsi X,807,67.12,4.78,3,2.52,4.28,72.85,18.55,3.32,30,80.31,77.45,58.7,97.84,47.88,Sedang,Maluku
0365,Kabupaten/Kota 365,Provinsi Y,745,59.96,11.17,8.28,0.58,4.09,71.42,14.34,11.75,61.12,55.42,89.74,71.47,98.67,44.24,Sedang,Sulawesi
0366,Kabupaten/Kota 366,Provinsi Z,437,43.42,11.84,4.78,2.05,0,54.2,31.35,2.8,50.86,77.43,78.7,69.34,70.96,46.7,Sedang,Papua
0367,Kabupaten/Kota 367,Provinsi NA,613,50.72,10.36,4.5,2.16,6.53,85.42,13.19,6.38,62.04,95,100,100,58.38,21.07,Rendah,Sumatera
0368,Kabupaten/Kota 368,Provinsi NA,216,33.34,4.33,10.55,2.7,1.94,95,3.08,11.93,50.8,67.62,99.51,74.38,80.55,28.81,Rendah,Jawa
0369,Kabupaten/Kota 369,Provinsi NA,757,42.78,9.36,13.12,5.43,4.53,66.81,16.009999999999998,9.32,30,67.79,79.78,98.47,100,45.96,Sedang,Maluku
0370,Kabupaten/Kota 370,Provinsi NA,362,59.65,11.45,4.4,1.98,4.41,87.21,15.399999999999999,10.61,67.24000000000001,80.06,100,94.09,100,25.83,Rendah,Jawa
0371,Kabupaten/Kota 371,Provinsi NA,1225,51.5,8.5,9.58,3.11,7.09,90.95,27.6,9.33,89.37,69.83,85.27,73.08,69.98,37.58,Sedang,Nusa Tenggara
0372,Kabupaten/Kota 372,Provinsi NA,50,50.49,6.3,6.76,1.94,4.8,74.89,1,7.4,78.1,60.83,100,93.07,77.84,24.04,Rendah,Jawa
0373,Kabupaten/Kota 373,Provinsi NA,361,32.54,4.74,7.35,1.14,4.6,86.38,12.66,1,84.13,52.97,94.53,93.35,100,23.88,Rendah,Kalimantan
0374,Kabupaten/Kota 374,Provinsi NA,748,37.75,6,10.06,3.95,9.96,77.14,12.59,5.56,47.69,71.12,74.36,67.71,72.75,48.2,Sedang,Papua
0375,Kabupaten/Kota 375,Provinsi A,653,35.82,10.14,7.53,1.42,6.12,75.55,12.42,2.49,57.59,64.87,97.99,95.88,61.81,29.61,Rendah,Sumatera
0376,Kabupaten/Kota 376,Provinsi B,323,49.74,6.71,4.87,7.1,6.87,80.86,10.16,6.49,81.91,74.71,93.53,84.92,86.28,26.97,Rendah,Sulawesi
0377,Kabupaten/Kota 377,Provinsi C,201,33.11,8.68,5.82,3.14,6.42,66.1,21.93,16.22,30,73.38,78.79,81.41,100,56.59,Sedang,Papua
0378,Kabupaten/Kota 378,Provinsi D,543,51.74,11.88,8.72,3.09,6.71,86.94,29.37,8.55,87.22,85.58,94.08,71.72,66.46,32.76,Rendah,Kalimantan
0379,Kabupaten/Kota 379,Provinsi E,496,31.6,9.74,3,2.9,9.01,66.41,3.61,5.12,78.74,77.2,100,82.39,71.48,27.38,Rendah,Kalimantan
0380,Kabupaten/Kota 380,Provinsi F,50,66.94,12.09,9.74,5.77,4.83,83.96,14.59,11.55,70.03,83.64,90.58,68.73,78.13,34.01,Sedang,Sumatera
0381,Kabupaten/Kota 381,Provinsi G,510,50.53,2.9,3.08,4,5.73,67.91,18,9.97,88.62,70.84,100,84.64,81.06,31.47,Rendah,Jawa
0382,Kabupaten/Kota 382,Provinsi H,557,36.59,7.16,7.05,2.62,10.91,95,8.33,7.68,68.05,79.79,96.32,83.01,73,28.37,Rendah,Sumatera
0383,Kabupaten/Kota 383,Provinsi I,552,47.89,8.2,6.52,1.25,3.41,79.29,2.08,7.09,73.28999999999999,67.03,97.78,81.32,88.61,24.85,Rendah,Jawa
0384,Kabupaten/Kota 384,Provinsi J,183,40.77,9.74,10.23,1.44,8.87,81.84,7.289999999999999,7.42,74.85,68.16,94.84,100,68.19,27.3,Rendah,Jawa
0385,Kabupaten/Kota 385,Provinsi K,643,49.45,4.49,7.47,1.82,3.18,62.59,29.8,7.71,35.94,70.9,77.06,75.71,77.58,53.56,Sedang,Papua
0386,Kabupaten/Kota 386,Provinsi L,914,47.92,10.42,7.25,4.82,10.13,72.5,4.9399999999999995,10.48,90,56.68,97.79,83.02,92.17,33.5,Sedang,Jawa
0387,Kabupaten/Kota 387,Provinsi M,637,32.83,8.92,8.75,2.72,3,82.37,1,8.51,88.99,55.53,100,97.96,82.37,19.45,Rendah,Jawa
0388,Kabupaten/Kota 388,Provinsi N,159,35.5,8.79,4.93,1.86,2.56,75.61,12.42,5.49,63.37,66.51,88.75,100,92.42,28.94,Rendah,Kalimantan
0389,Kabupaten/Kota 389,Provinsi O,369,48.6,9.53,6.51,4.19,8.11,71.6,1,11.34,47.92,53.18,100,83.44,54.97,39.9,Sedang,Sumatera
0390,Kabupaten/Kota 390,Provinsi P,604,64.67,7.65,9.94,5.02,7.89,95,3.15,5.21,69.8,71.15,93.63,85.98,65.06,24.33,Rendah,Sulawesi
0391,Kabupaten/Kota 391,Provinsi Q,306,58.02,10.78,8.71,1.96,6.66,57.13,18.52,13.24,49.9,79.58,89.77,100,77.21,42.92,Sedang,Sulawesi
0392,Kabupaten/Kota 392,Provinsi R,50,37.51,9.94,3.81,2.33,5.82,83.95,9.75,4.08,67.22999999999999,59.41,94.34,89.8,51.66,29.07,Rendah,Jawa
0393,Kabupaten/Kota 393,Provinsi S,765,54.91,7.55,8.59,3.52,5.73,95,1,10.99,90,70.62,100,89.98,83.43,18.33,Rendah,Jawa
0394,Kabupaten/Kota 394,Provinsi T,251,44.42,11.12,3.56,2.99,11.16,66.64,15.71,13.03,44.06,51.51,100,81.1,96.59,51.62,Sedang,Sulawesi
0395,Kabupaten/Kota 395,Provinsi U,328,48.62,8.88,5.5,3.61,0.7,58.61,11,12.89,31.759999999999998,81.22,78.21,86.5,77.64,44.56,Sedang,Papua
0396,Kabupaten/Kota 396,Provinsi V,951,48.12,10.01,10.03,5.57,2.04,94.43,9.32,7.55,56.29,65.71,94.23,85.11,50.47,27.38,Rendah,Sulawesi
0397,Kabupaten/Kota 397,Provinsi W,268,75.91,6.22,3,2.91,1.16,66.33,8.8,10.77,71.06,88.37,100,93.64,75.54,22.99,Rendah,Jawa
0398,Kabupaten/Kota 398,Provinsi X,754,30.78,12.74,3,2.58,7.88,51.959999999999994,13.43,1,30,70.5,80.51,82.82,56.6,48.54,Sedang,Papua
0399,Kabupaten/Kota 399,Provinsi Y,122,46.21,7.99,10.25,3.73,4.26,63.02,19.6,9.78,62.18,92.32,89.07,80.39,75.22,36.78,Sedang,Sumatera
0400,Kabupaten/Kota 400,Provinsi Z,394,23.64,10.54,4.96,2.93,4.61,66.3,29.29,7.56,30,74.02,85,83.88,54.79,49.96,Sedang,Papua
0401,Kabupaten/Kota 401,Provinsi NA,478,52.08,7.7,10.11,3.94,10.35,76.34,2.95,10.4,90,67.72,90.16,78.11,43.23,32.93,Rendah,Jawa
0402,Kabupaten/Kota 402,Provinsi NA,149,58.16,7.16,6.58,2.66,3.26,79.68,18.73,8.44,66.85,82.14,87.16,100,95.33,28.9,Rendah,Kalimantan
0403,Kabupaten/Kota 403,Provinsi NA,310,62.35,10.35,8.07,3.67,11.07,68.54,13.18,13.18,77.87,76.36,91.68,69.1,84.68,42.69,Sedang,Sulawesi
0404,Kabupaten/Kota 404,Provinsi NA,491,21.9,3.25,9.03,0.65,0.77,83.47,10.9,7.32,58.92,63.33,97.77,100,59.04,25.06,Rendah,Jawa
0405,Kabupaten/Kota 405,Provinsi NA,701,49.95,9.44,5.37,3.02,8.95,93.56,11.030000000000001,10.93,79.78,78.43,100,84.84,54.58,26.37,Rendah,Jawa
0406,Kabupaten/Kota 406,Provinsi NA,50,64.12,9.18,6.24,2.23,5.97,86.37,1,7.58,88.18,77.57,95.02,54.69,57.89,26.15,Rendah,Jawa
0407,Kabupaten/Kota 407,Provinsi NA,395,40.03,2,5.96,1.21,3.83,55.59,1,10.62,66.47,74.48,93.57,76.83,70.34,34.28,Sedang,Sumatera
0408,Kabupaten/Kota 408,Provinsi NA,727,42.45,9.11,14.04,2.38,4.48,79.64,20.23,3.07,80.26,65.72,97.34,100,100,24.99,Rendah,Jawa
0409,Kabupaten/Kota 409,Provinsi A,338,44.56,2,7.32,3.56,9.02,82.14,13.39,10.43,49.49,69.4,100,65.61,86.83,41.96,Sedang,Sumatera
0410,Kabupaten/Kota 410,Provinsi B,568,49.38,9.98,8.18,3.14,10.11,93.6,14.25,6.44,55.57,80.55,100,86.99,62.77,29.91,Rendah,Sulawesi
0411,Kabupaten/Kota 411,Provinsi C,648,52.98,6.64,6.15,4.04,0,63.85,4.84,9.58,58.93,83.5,86.53,66.58,97.6,33.91,Sedang,Nusa Tenggara
0412,Kabupaten/Kota 412,Provinsi D,580,60.81,5.92,6.4,4.41,15.26,82.71,13.8,4.5,67.96000000000001,73.57,100,86.22,54.96,34.44,Sedang,Jawa
0413,Kabupaten/Kota 413,Provinsi E,696,43.85,7.98,10.45,4.24,12.73,84.18,18.04,10.17,90,60.32,89.62,100,100,35.79,Sedang,Jawa
0414,Kabupaten/Kota 414,Provinsi F,463,47.36,12.12,6.15,2.51,3.42,67.67,21.17,19.97,90,79.05,88.37,81.92,75.49,38.87,Sedang,Sumatera
0415,Kabupaten/Kota 415,Provinsi G,376,74.86,6.09,7.05,1.01,4.81,71.17,1,14.16,90,71.8,95.35,99.35,100,24.13,Rendah,Jawa
0416,Kabupaten/Kota 416,Provinsi H,50,50.17,9.67,7.94,2.58,3.01,95,1,11.92,86.34,83.65,93.22,95.93,61.7,15.34,Rendah,Jawa
0417,Kabupaten/Kota 417,Provinsi I,472,47.27,9.02,5.92,4.75,4.72,89.78,12.59,5.52,63.23,50.78,96.83,100,79.45,28.65,Rendah,Sulawesi
0418,Kabupaten/Kota 418,Provinsi J,629,28.89,4.46,11.9,2.82,7.22,70.93,11.18,9.3,88.64,61.07,97.49,100,70.81,28.9,Rendah,Jawa
0419,Kabupaten/Kota 419,Provinsi K,661,45.03,2.78,3.43,0.54,5.31,56.16,8.74,7.37,53.17,76.39,97.45,100,86.14,32.55,Rendah,Sulawesi
0420,Kabupaten/Kota 420,Provinsi L,333,42.34,2.02,12.03,3.74,5.58,72.23,6.85,1,68.97,53.76,100,90.86,62.53,27.55,Rendah,Sumatera
0421,Kabupaten/Kota 421,Provinsi M,1034,44.87,9.65,6.12,3.42,9.44,89.3,8.38,7.04,82.5,95,100,85.93,57.95,19.87,Rendah,Jawa
0422,Kabupaten/Kota 422,Provinsi N,586,38.09,7.9,10.39,2.4,0,83.71,1.3399999999999999,6.73,45,59.78,83.43,87.06,62.91,31.39,Rendah,Jawa
0423,Kabupaten/Kota 423,Provinsi O,538,36.76,13.55,3,3.26,3.53,95,19.26,7.64,90,75.37,97.96,90.45,100,20.69,Rendah,Jawa
0424,Kabupaten/Kota 424,Provinsi P,882,36.35,9.72,9.39,5.05,5.43,82.53,1,5.87,60.03,49.26,100,71.49,84.32,32.79,Rendah,Jawa
0425,Kabupaten/Kota 425,Provinsi Q,284,42.43,10.55,9.19,4.95,2.65,63.34,15.05,10.61,30,95,100,76.09,98.51,37.79,Sedang,Sulawesi
0426,Kabupaten/Kota 426,Provinsi R,365,61.42,12,3.82,2.32,8.18,75.2,11,15.67,44.989999999999995,78.71,75.44,77.53,66.28,49.14,Sedang,Papua
0427,Kabupaten/Kota 427,Provinsi S,1219,57.59,6.5,5.08,3.02,3.66,72.66,9.03,12.62,66.61,63.83,96.02,77.14,78,35.98,Sedang,Nusa Tenggara
0428,Kabupaten/Kota 428,Provinsi T,503,40.68,9.53,7.48,0.82,3.71,72.16,20.91,10.64,64.88,73.13,100,80.78,78.34,35.56,Sedang,Sulawesi
0429,Kabupaten/Kota 429,Provinsi U,990,24.77,10.61,9.86,1.91,8.57,72.37,18.73,8.22,67.11,61.47,96.59,84.17,75.04,39.78,Sedang,Sulawesi
0430,Kabupaten/Kota 430,Provinsi V,68,34.86,12.11,5.09,6.01,7.5,75.56,3.6,8.3,47.23,49.37,100,73.08,77.5,40.8,Sedang,Sumatera
0431,Kabupaten/Kota 431,Provinsi W,443,39.51,10.29,6.44,5.25,4.55,61.81,1,12.63,88.89,56.93,82.27,51.49,85.33,42.8,Sedang,Jawa
0432,Kabupaten/Kota 432,Provinsi X,614,46.24,9.26,10.93,2.66,4.02,81.83,12.35,13.13,85.71,59.06,100,100,65.74,26.82,Rendah,Sulawesi
0433,Kabupaten/Kota 433,Provinsi Y,590,37.05,5.4,4.18,1.96,0.66,82.21,6.28,5.63,52.42,83.7,76,72.75,93.87,31.75,Rendah,Sumatera
0434,Kabupaten/Kota 434,Provinsi Z,198,69.08,10.19,9.37,0.95,2.91,91.29,9.43,11.8,84.59,75.59,100,100,100,18.36,Rendah,Jawa
0435,Kabupaten/Kota 435,Provinsi NA,506,41.73,9.5,8.12,6.19,12.8,70.89,6.1,3.27,60.94,65.56,100,75.74,78.91,37,Sedang,Nusa Tenggara
0436,Kabupaten/Kota 436,Provinsi NA,177,30.43,9.9,4.24,3.17,4.89,75.99,2.34,3.23,64.09,66.92,91.96,92.5,89.36,26.01,Rendah,Sulawesi
0437,Kabupaten/Kota 437,Provinsi NA,714,43.3,9.27,5.33,2.11,7.74,60.65,9.42,14.38,79.64,82.87,92.35,82.95,83.79,36.15,Sedang,Kalimantan
0438,Kabupaten/Kota 438,Provinsi NA,825,32.94,7.39,8.96,4.62,4.45,78.6,4.65,8.15,69.17,57.95,97.84,94.02,79.34,27.7,Rendah,Sumatera
0439,Kabupaten/Kota 439,Provinsi NA,50,46.87,7.77,7.62,1.35,6.83,76.83,13.52,8.14,90,77.19,100,57.27,88.06,31.57,Rendah,Jawa
0440,Kabupaten/Kota 440,Provinsi NA,871,47.8,10.06,10.56,4.09,4.84,88.17,9.99,11.92,60.02,58.79,96.91,88.57,78.97,33.21,Sedang,Sulawesi
0441,Kabupaten/Kota 441,Provinsi NA,128,49.27,8.51,5.5,5.16,9.09,65.74,11.77,7.21,87.23,78.6,100,82.76,64.35,29.69,Rendah,Nusa Tenggara
0442,Kabupaten/Kota 442,Provinsi NA,636,25.54,5.51,3,2.68,3.49,64.41,15.280000000000001,4.61,73.17,85.08,100,100,78.4,22.99,Rendah,Jawa
0443,Kabupaten/Kota 443,Provinsi A,698,47.65,7.13,9.62,5.18,0,86.73,18.15,8.55,76.53,64.75,83.49,80.03,100,31.73,Rendah,Jawa
0444,Kabupaten/Kota 444,Provinsi B,440,48.73,4.04,5.48,3.96,7.7,58.69,11.68,1.17,60.09,75.48,98.33,79.18,90.26,34.12,Sedang,Sumatera
0445,Kabupaten/Kota 445,Provinsi C,306,27.95,5.1,7.3,1.98,4.29,65.72,14,6.11,69.32,43.53,92.42,57.42,87.12,45.27,Sedang,Kalimantan
0446,Kabupaten/Kota 446,Provinsi D,550,56.46,7.57,11.3,3.86,9.39,83.04,19.85,7.37,72,73.89,100,87.46,77.95,32.33,Rendah,Nusa Tenggara
0447,Kabupaten/Kota 447,Provinsi E,632,54.41,2.61,6.37,1.94,5.37,93.72,10.95,2.23,67.18,73.77,88,94.28,89.95,23.61,Rendah,Sumatera
0448,Kabupaten/Kota 448,Provinsi F,765,72.6,2.93,10.87,2.2,9.36,72.37,5.74,8.74,73.99,75.11,93,81.48,43.47,33.11,Sedang,Kalimantan
0449,Kabupaten/Kota 449,Provinsi G,50,46.88,11.31,4.26,4.16,6.05,84.72,17.97,5.07,53.27,84.6,82.7,76.25,78.76,36.35,Sedang,Sumatera
0450,Kabupaten/Kota 450,Provinsi H,50,45.56,6.27,9.31,2.29,3.95,61.23,2.85,12.46,61.42,58.56,83.13,90.4,53.04,39.99,Sedang,Kalimantan
0451,Kabupaten/Kota 451,Provinsi I,929,46.16,2.44,7.62,2.96,7.18,92.31,10.53,6.88,74.78,86.79,81.04,67.05,72.7,31.36,Rendah,Kalimantan
0452,Kabupaten/Kota 452,Provinsi J,814,45.84,7.66,5.16,4.53,3.62,84.95,4.59,3.64,90,58.47,100,89.72,54.79,18.6,Rendah,Jawa
0453,Kabupaten/Kota 453,Provinsi K,631,22.82,11.96,3.8,1.19,10.05,52.2,18.86,8.96,50.08,50.38,60,100,100,60.27,Sedang,Maluku
0454,Kabupaten/Kota 454,Provinsi L,715,24.95,9.99,7.19,5.39,5.44,78.98,1,7.79,75.64,95,100,82.53,67.6,18.81,Rendah,Kalimantan
0455,Kabupaten/Kota 455,Provinsi M,775,44.07,9.32,7.64,6.06,0,66.91,8.48,8.16,77.6,79.8,89.8,79.18,71.2,27,Rendah,Sumatera
0456,Kabupaten/Kota 456,Provinsi N,50,38.03,11.55,7.69,3.92,3.58,75.5,19.6,8.86,74.14,79.16,95.12,79.76,100,31.58,Rendah,Nusa Tenggara
0457,Kabupaten/Kota 457,Provinsi O,833,45.66,5.69,8.34,3.63,0.1,86.02,4.1899999999999995,6.42,76.64,77.57,100,92.29,94.64,14.91,Rendah,Jawa
0458,Kabupaten/Kota 458,Provinsi P,355,20,10.19,5.85,2.26,0,95,3.289999999999999,6.69,77.53,67.5,100,65.91,73.83,20.21,Rendah,Jawa
0459,Kabupaten/Kota 459,Provinsi Q,569,27.02,6.24,5.72,3.74,5.18,69.33,8,10.59,74.33,82.1,98.37,72.36,43.64,30.88,Rendah,Nusa Tenggara
0460,Kabupaten/Kota 460,Provinsi R,411,31.78,8,7.59,2.25,6.94,81.25,1.75,14.51,73.17,87.23,94.91,62.6,95.07,31.87,Rendah,Jawa
0461,Kabupaten/Kota 461,Provinsi S,762,56.83,14.64,5.65,3.43,2.72,76.24,12.88,1,63.02,51.26,84.65,81,73.28,35.18,Sedang,Sumatera
0462,Kabupaten/Kota 462,Provinsi T,395,31.82,10.91,10.05,1.97,1.01,83.97,15.56,7.46,63.62,56.28,100,84.43,67.29,30.11,Rendah,Nusa Tenggara
0463,Kabupaten/Kota 463,Provinsi U,656,35.41,10.3,7.44,4.18,3.19,93.96,20.69,11.92,41.2,61.33,93.38,86.29,70.29,39.4,Sedang,Sumatera
0464,Kabupaten/Kota 464,Provinsi V,383,45.96,4.68,5.46,4.04,0.35,90.82,2.6,3.28,70.01,76.31,95,82.48,59.85,16.82,Rendah,Sumatera
0465,Kabupaten/Kota 465,Provinsi W,172,41.13,5.64,3,4.86,7.11,94.6,9.37,12.67,88.55,41.87,93.4,57.56,54.46,39.29,Sedang,Jawa
0466,Kabupaten/Kota 466,Provinsi X,863,46.76,14.85,5.39,5.97,6.72,55.97,11.08,6.48,64.08,68.11,90.55,65.84,61.78,42.96,Sedang,Kalimantan
0467,Kabupaten/Kota 467,Provinsi Y,722,72.66,4.72,12.12,2.03,0.21,84.47,13.71,10.83,90,52.59,76.67,80.56,99.5,34.13,Sedang,Kalimantan
0468,Kabupaten/Kota 468,Provinsi Z,1017,31.5,8.64,5.6,4.45,3.13,82.53,5.81,13.9,62.36,65.86,81.78,89.14,61.18,35.26,Sedang,Sumatera
0469,Kabupaten/Kota 469,Provinsi NA,520,41.33,10.68,4.91,0.86,8.14,78.02,7.27,11.59,88.68,50.72,87.43,87.82,74.17,36.01,Sedang,Jawa
0470,Kabupaten/Kota 470,Provinsi NA,838,38.8,11.06,8.63,2.31,4.5,69.35,5.08,12.86,72.99,84.05,93.56,69.27,89.44,32.6,Rendah,Kalimantan
0471,Kabupaten/Kota 471,Provinsi NA,1093,63.15,11.27,8.1,4.42,5.03,71.31,10.96,1,90,66.69,91.47,100,88.02,22.27,Rendah,Jawa
0472,Kabupaten/Kota 472,Provinsi NA,416,35.77,7.51,8.88,1.89,6.25,74.87,6.32,2.91,71.27,67.66,98.11,85.68,44.92,26.49,Rendah,Nusa Tenggara
0473,Kabupaten/Kota 473,Provinsi NA,103,44.01,5.54,6.31,3.52,6.88,75.91,12.38,10.33,62.13,87.91,95.28,79.76,100,32.88,Rendah,Kalimantan
0474,Kabupaten/Kota 474,Provinsi NA,428,54.45,7.08,9.81,1.65,8.62,57.46,1,4.36,73.45,59.62,91.01,89.03,83.2,34.2,Sedang,Nusa Tenggara
0475,Kabupaten/Kota 475,Provinsi NA,436,32.3,5.29,4.07,2.44,7.32,44.19,23.96,5.79,48.8,51.44,67.16,97.79,97.99,58.07,Sedang,Papua
0476,Kabupaten/Kota 476,Provinsi NA,546,64.86,9.88,6.88,2.94,0.87,61.739999999999995,28.65,13.54,48.650000000000006,62.57,74.63,94.03,63.13,51.14,Sedang,Papua
0477,Kabupaten/Kota 477,Provinsi A,1014,53.11,11.36,5.24,2.08,3.91,64.73,16.6,8.47,75.79,62.17,100,79.06,71.93,35.1,Sedang,Nusa Tenggara
0478,Kabupaten/Kota 478,Provinsi B,402,32.11,14.38,8.7,0.5,5.91,72.01,18.32,8.18,76.59,74.2,98.81,67.28,75.16,35.46,Sedang,Sulawesi
0479,Kabupaten/Kota 479,Provinsi C,612,50.45,9.1,7.33,3.36,4.67,85.08,3.86,7.02,64.87,66.21,92.51,97.94,91.74,25.3,Rendah,Kalimantan
0480,Kabupaten/Kota 480,Provinsi D,432,42.44,5.38,9.77,3.71,0,55.739999999999995,20.98,1.61,39.16,53.07,62.05,69.32,58.02,55.01,Sedang,Papua
0481,Kabupaten/Kota 481,Provinsi E,506,48.76,11.07,12.15,3.21,2.73,86.27,6.58,1,90,67.79,96.11,74.7,71.37,18.94,Rendah,Jawa
0482,Kabupaten/Kota 482,Provinsi F,594,43.92,10.71,7.35,2.27,8.04,81.16,16.32,7.13,65.8,77.16,71.61,100,91.25,37.02,Sedang,Kalimantan
0483,Kabupaten/Kota 483,Provinsi G,898,57.85,7.29,5.66,4.35,5.47,63.75,10.99,9.42,59.36,53.88,100,77.09,99.7,40.82,Sedang,Kalimantan
0484,Kabupaten/Kota 484,Provinsi H,536,28.79,3.33,4.94,4.62,0.58,87.43,10.78,2.72,50.81,82.01,95.27,81.16,63.7,23.35,Rendah,Kalimantan
0485,Kabupaten/Kota 485,Provinsi I,714,38.73,10.28,6.34,0.5,5.65,94.17,17.07,1,84.05,78.49,100,92.1,100,17.36,Rendah,Jawa
0486,Kabupaten/Kota 486,Provinsi J,734,42.01,11.39,6.83,4.69,4.52,87.73,18.55,13.1,70.81,88.01,93.61,100,77.61,26.67,Rendah,Nusa Tenggara
0487,Kabupaten/Kota 487,Provinsi K,774,33.05,7.11,11.98,0.5,7.02,70.74,1.46,10.03,47.93,66.07,100,70.24,76.54,38.4,Sedang,Sulawesi
0488,Kabupaten/Kota 488,Provinsi L,328,32.52,9.61,4.18,2.48,11.32,70.36,4.6899999999999995,9.93,59.77,75.07,92.81,96.15,92.12,35.48,Sedang,Jawa
0489,Kabupaten/Kota 489,Provinsi M,988,44.78,7.17,4.27,1.34,0.45,65.11,16.05,11.67,47.760000000000005,59.52,85,84.57,95.77,43.88,Sedang,Papua
0490,Kabupaten/Kota 490,Provinsi N,386,43.41,10.05,5.98,2.05,3.48,81.19,29.83,10.22,52.72,66.92,94.91,100,66.35,37.87,Sedang,Kalimantan
0491,Kabupaten/Kota 491,Provinsi O,468,20,7.65,8.47,4.98,4.58,95,4.029999999999999,3.78,90,57.35,100,99.41,95.56,15.22,Rendah,Jawa
0492,Kabupaten/Kota 492,Provinsi P,921,57.49,6.97,9.05,3.8,0,92.19,18.89,13,48.39,82.91,84.4,84.3,62.92,34,Sedang,Kalimantan
0493,Kabupaten/Kota 493,Provinsi Q,888,48,8.33,4.73,3.74,4.91,70.35,12.58,2.89,41.77,52.62,100,73.68,95.09,40.18,Sedang,Nusa Tenggara
0494,Kabupaten/Kota 494,Provinsi R,173,73.99,7.15,7.32,0.5,3.22,64.93,12.65,6.09,63.95,77.38,97.42,65.53,70.45,34.24,Sedang,Nusa Tenggara
0495,Kabupaten/Kota 495,Provinsi S,238,53.22,6.23,6.89,3.29,11.71,91.21,9.97,9.33,87.02,61.8,96.03,69.85,65.84,34.45,Sedang,Jawa
0496,Kabupaten/Kota 496,Provinsi T,93,39.64,7.05,9.99,3.94,0,94.93,11.14,9.12,67.35,57.42,85.51,78.37,99.06,30.92,Rendah,Sumatera
0497,Kabupaten/Kota 497,Provinsi U,555,78.57,7.98,9.72,4.29,9.46,73.17,12,10.36,78.19,87.53,87.8,66.89,88.47,37.25,Sedang,Jawa
0498,Kabupaten/Kota 498,Provinsi V,549,78.99,8.62,6.22,1.54,8.02,77.19,10.36,11.51,85.68,71.28,85.47,82.85,58.08,34.79,Sedang,Jawa
0499,Kabupaten/Kota 499,Provinsi W,609,30.38,12.6,7.11,4.41,7.21,92.48,1.89,4.76,53.47,74,81.26,76.96,95.66,32.11,Rendah,Sulawesi
0500,Kabupaten/Kota 500,Provinsi X,666,50.63,3.93,8.63,0.91,5.44,95,3.67,2.85,83.4,72.33,100,100,75.19,13.08,Rendah,Jawa
0501,Kabupaten/Kota 501,Provinsi Y,319,42.47,7.4,3,5.61,2.87,61.95,18.86,3.33,32.49,77.83,85,100,90.23,38.4,Sedang,Papua
0502,Kabupaten/Kota 502,Provinsi Z,202,47.24,9.89,6.22,1.8,8.32,68.8,3.960000000000001,10.3,67.93,87.7,100,92.62,88.23,27.25,Rendah,Jawa
0503,Kabupaten/Kota 503,Provinsi NA,808,47.73,13.29,8.44,4.15,2.34,79.57,13.39,6.15,81.6,70.74,84.54,76.62,62.54,30.04,Rendah,Jawa
0504,Kabupaten/Kota 504,Provinsi NA,725,29.86,9.28,5.69,3.48,7.08,71.67,30.92,9.65,51.17,84.65,80.69,100,77.93,43.78,Sedang,Papua
0505,Kabupaten/Kota 505,Provinsi NA,50,48.43,7.96,6.85,1.4,6.21,95,1.4699999999999998,12.73,66.96000000000001,41.83,100,80.82,79.58,33.2,Sedang,Jawa
0506,Kabupaten/Kota 506,Provinsi NA,471,65.99,7.08,6.95,4.72,8.23,84.84,10.25,5.31,56.74,77.56,100,84.45,72.19,29.18,Rendah,Jawa
0507,Kabupaten/Kota 507,Provinsi NA,231,43.03,9.24,5.19,3.05,3.21,68.69,4.98,11.7,49.6,75.07,100,56.05,44.1,38.61,Sedang,Sumatera
0508,Kabupaten/Kota 508,Provinsi NA,50,43.04,10.97,4.51,4.23,3.26,78.05,8.66,5.42,35,72.17,98.36,100,70.86,29.16,Rendah,Nusa Tenggara
0509,Kabupaten/Kota 509,Provinsi NA,545,61.78,7.45,6.5,3.33,5.91,76.45,13.79,10.47,66.94,71.53,68.68,84.18,88.82,42.68,Sedang,Nusa Tenggara
0510,Kabupaten/Kota 510,Provinsi NA,476,55.78,8.49,6.13,4.3,5.92,65.91,10.87,8.14,73.77,64.51,100,69.77,97.39,35.99,Sedang,Nusa Tenggara
0511,Kabupaten/Kota 511,Provinsi A,471,25.22,8.65,9.09,3.03,9.12,80.92,7.92,4.6,90,62.52,96.7,84.88,100,26.94,Rendah,Nusa Tenggara
0512,Kabupaten/Kota 512,Provinsi B,565,47.74,10.19,10.82,4.67,6.46,73.9,14.46,11.79,31.58,83.15,66.25,100,92.85,46.94,Sedang,Maluku
0513,Kabupaten/Kota 513,Provinsi C,765,64.84,11.33,6.97,2.47,5.43,75.13,10.13,10.89,57.91,67.76,93.95,86.22,76.37,35.91,Sedang,Sumatera
0514,Kabupaten/Kota 514,Provinsi D,562,61.98,8.84,8,3.79,7.53,91.26,7.3100000000000005,4.53,78.37,84.18,94.62,89.55,73.78,20.2,Rendah,Jawa
